pre,post,type,n_synapses,stage
ADAL,AIBR,chemical,1,2
ADAL,AVAR,chemical,2,2
ADAL,AVBL,chemical,1,2
ADAL,AVBR,chemical,2,2
ADAL,AVDR,chemical,1,2
ADAL,AVJR,chemical,1,2
ADAL,PVPL,chemical,1,2
ADAL,RICR,chemical,1,2
ADAL,RID,chemical,1,2
ADAL,RIML,chemical,2,2
ADAL,SMDDL,chemical,1,2
ADAR,ASHR,chemical,2,2
ADAR,AVAL,chemical,1,2
ADAR,AVAR,chemical,1,2
ADAR,AVBL,chemical,2,2
ADAR,AVBR,chemical,3,2
ADAR,AVDL,chemical,1,2
ADAR,AVJL,chemical,1,2
ADAR,RICL,chemical,1,2
ADAR,RIMR,chemical,2,2
ADEL,ADAL,chemical,2,2
ADEL,ADER,chemical,1,2
ADEL,AVAL,chemical,1,2
ADEL,AVAR,chemical,2,2
ADER,ADAR,chemical,1,2
ADER,AVAL,chemical,1,2
ADER,FLPL,chemical,1,2
ADFL,AIYL,chemical,1,2
ADFL,AIZL,chemical,5,2
ADFL,AUAL,chemical,1,2
ADFL,AVHR,chemical,2,2
ADFL,RIAL,chemical,4,2
ADFL,RIR,chemical,2,2
ADFL,SIBDL,chemical,1,2
ADFL,SIBVL,chemical,1,2
ADFL,SMBDL,chemical,1,2
ADFL,SMBVL,chemical,1,2
ADFR,AIZR,chemical,4,2
ADFR,AUAR,chemical,2,2
ADFR,AVHL,chemical,1,2
ADFR,DVA,chemical,1,2
ADFR,RIAR,chemical,3,2
ADFR,RIR,chemical,1,2
ADLL,AIAL,chemical,1,2
ADLL,AIBL,chemical,1,2
ADLL,ASKL,chemical,1,2
ADLL,AVDL,chemical,1,2
ADLL,AVJL,chemical,1,2
ADLL,OLLL,chemical,1,2
ADLR,AIAR,chemical,3,2
ADLR,AIBR,chemical,1,2
ADLR,ASKR,chemical,4,2
ADLR,AVDL,chemical,1,2
ADLR,AVJR,chemical,1,2
ADLR,AWCR,chemical,1,2
ADLR,OLLR,chemical,1,2
ADLR,SMBVR,chemical,1,2
AFDL,AIYL,chemical,3,2
AFDR,AIYR,chemical,2,2
AIAL,ADAL,chemical,1,2
AIAL,AIBL,chemical,6,2
AIAL,ASKL,chemical,4,2
AIAL,AWCL,chemical,1,2
AIAL,PVQL,chemical,1,2
AIAL,RIFL,chemical,2,2
AIAR,ADFR,chemical,1,2
AIAR,AIBR,chemical,4,2
AIAR,ASHR,chemical,1,2
AIAR,ASKR,chemical,1,2
AIAR,RIFR,chemical,2,2
AIBL,AVBL,chemical,2,2
AIBL,AVER,chemical,1,2
AIBL,BAGL,chemical,1,2
AIBL,RIBR,chemical,3,2
AIBL,RIMR,chemical,7,2
AIBL,SMDDR,chemical,2,2
AIBL,SMDVR,chemical,2,2
AIBR,AVBR,chemical,4,2
AIBR,AVEL,chemical,1,2
AIBR,PVPL,chemical,1,2
AIBR,RIBL,chemical,3,2
AIBR,RIBR,chemical,1,2
AIBR,RIML,chemical,10,2
AIBR,SMDDL,chemical,4,2
AIBR,SMDVL,chemical,2,2
AIML,AIAL,chemical,4,2
AIML,ASGL,chemical,4,2
AIML,ASJL,chemical,2,2
AIMR,AIAR,chemical,5,2
AIMR,ASGR,chemical,5,2
AIMR,ASJL,chemical,1,2
AIMR,ASJR,chemical,2,2
AIMR,ASKR,chemical,1,2
AINL,ADFR,chemical,1,2
AINL,AFDR,chemical,1,2
AINL,AIAR,chemical,1,2
AINL,AIBR,chemical,1,2
AINL,AINR,chemical,1,2
AINL,ASGR,chemical,1,2
AINL,AUAR,chemical,3,2
AINL,BAGL,chemical,1,2
AINL,CEPshVR,chemical,1,2
AINR,AFDL,chemical,3,2
AINR,AFDR,chemical,1,2
AINR,AIBL,chemical,1,2
AINR,ASER,chemical,1,2
AINR,AUAL,chemical,1,2
AINR,AWCL,chemical,1,2
AINR,AWCR,chemical,1,2
AINR,CEPshDL,chemical,1,2
AINR,RID,chemical,1,2
AIYL,ADFL,chemical,5,2
AIYL,AIAL,chemical,1,2
AIYL,AIZL,chemical,7,2
AIYL,AWAL,chemical,1,2
AIYL,AWBL,chemical,1,2
AIYL,RIAL,chemical,3,2
AIYL,RIBL,chemical,5,2
AIYL,RIR,chemical,1,2
AIYR,ADFR,chemical,1,2
AIYR,AIZR,chemical,5,2
AIYR,RIAR,chemical,3,2
AIYR,RIBR,chemical,4,2
AIYR,RIVR,chemical,1,2
AIYR,SIBDR,chemical,1,2
AIZL,AIAL,chemical,2,2
AIZL,AIBR,chemical,7,2
AIZL,ASEL,chemical,1,2
AIZL,AVER,chemical,1,2
AIZL,AWBL,chemical,1,2
AIZL,RIAL,chemical,4,2
AIZL,RIBL,chemical,1,2
AIZL,RIML,chemical,7,2
AIZL,SIBDL,chemical,1,2
AIZL,SMBDL,chemical,4,2
AIZL,SMBVL,chemical,4,2
AIZR,AIBL,chemical,5,2
AIZR,AVEL,chemical,2,2
AIZR,RIAR,chemical,3,2
AIZR,RIMR,chemical,4,2
AIZR,SMBDR,chemical,2,2
AIZR,SMBVR,chemical,2,2
ALA,AVEL,chemical,1,2
ALA,AVER,chemical,2,2
ALA,CEPshVL,chemical,1,2
ALA,CEPshVR,chemical,3,2
ALML,BDUL,chemical,1,2
ALML,CEPDL,chemical,1,2
ALMR,BDUR,chemical,1,2
ALMR,CEPDR,chemical,2,2
ALMR,RIFR,chemical,1,2
ASEL,AIBL,chemical,4,2
ASEL,AIBR,chemical,3,2
ASEL,AIYL,chemical,5,2
ASEL,AIYR,chemical,2,2
ASEL,AWCL,chemical,1,2
ASEL,AWCR,chemical,1,2
ASER,AFDL,chemical,1,2
ASER,AIAL,chemical,1,2
ASER,AIBL,chemical,4,2
ASER,AIBR,chemical,3,2
ASER,AIYL,chemical,3,2
ASER,AIYR,chemical,5,2
ASER,AIZL,chemical,1,2
ASER,AWCR,chemical,2,2
ASGL,AIAL,chemical,4,2
ASGL,AIBL,chemical,1,2
ASGL,AIML,chemical,2,2
ASGR,AIAR,chemical,3,2
ASGR,AIMR,chemical,1,2
ASGR,ASER,chemical,1,2
ASHL,ADFL,chemical,1,2
ASHL,AIAL,chemical,5,2
ASHL,AIBL,chemical,5,2
ASHL,AIZL,chemical,1,2
ASHL,ASKL,chemical,1,2
ASHL,AVAL,chemical,1,2
ASHL,AVBL,chemical,1,2
ASHL,AVDL,chemical,1,2
ASHL,AVJL,chemical,1,2
ASHL,RIFL,chemical,1,2
ASHR,ADAR,chemical,2,2
ASHR,AIAR,chemical,2,2
ASHR,AIBR,chemical,2,2
ASHR,AVBR,chemical,1,2
ASHR,AVDR,chemical,1,2
ASHR,AVJR,chemical,1,2
ASHR,AWAR,chemical,1,2
ASHR,PVQR,chemical,1,2
ASHR,RIAR,chemical,2,2
ASHR,SMBVR,chemical,1,2
ASIL,ADLL,chemical,1,2
ASIL,AWCL,chemical,1,2
ASIR,AWCL,chemical,2,2
ASIR,AWCR,chemical,1,2
ASIR,CEPshDR,chemical,1,2
ASJL,ASKL,chemical,1,2
ASJL,CEPshDL,chemical,1,2
ASJL,CEPshVL,chemical,1,2
ASJL,PVQL,chemical,4,2
ASJL,PVQR,chemical,1,2
ASJR,ASKR,chemical,3,2
ASJR,CEPshVR,chemical,1,2
ASJR,PVQR,chemical,5,2
ASKL,AIAL,chemical,7,2
ASKL,ASJL,chemical,1,2
ASKR,AIAR,chemical,4,2
ASKR,RIFR,chemical,1,2
AUAL,AVAL,chemical,1,2
AUAL,AVEL,chemical,2,2
AUAL,RIAL,chemical,2,2
AUAL,RIBL,chemical,3,2
AUAR,AVAR,chemical,1,2
AUAR,AVER,chemical,2,2
AUAR,RIAR,chemical,3,2
AUAR,RIBR,chemical,5,2
AVHL,ADFR,chemical,1,2
AVHL,ADLR,chemical,1,2
AVHL,ASER,chemical,1,2
AVHL,AWBR,chemical,2,2
AVHL,PVPR,chemical,1,2
AVHR,ADAL,chemical,1,2
AVHR,ADFL,chemical,1,2
AVHR,AIZL,chemical,2,2
AVHR,ASHL,chemical,1,2
AVHR,AVAL,chemical,1,2
AVHR,AVBL,chemical,1,2
AVHR,AWBL,chemical,1,2
AVHR,RIGL,chemical,1,2
AVHR,SMBVL,chemical,1,2
AVJL,ASHR,chemical,1,2
AVJL,AVEL,chemical,1,2
AVJL,AVHL,chemical,1,2
AVJL,PVCR,chemical,1,2
AVJL,RIFR,chemical,1,2
AVJL,SMBVR,chemical,1,2
AVJR,AIYL,chemical,1,2
AVJR,RIFL,chemical,1,2
AVKL,AIBL,chemical,1,2
AVKL,AVEL,chemical,1,2
AVKL,AVER,chemical,1,2
AVKL,AVKR,chemical,1,2
AVKL,RIML,chemical,1,2
AVKL,RIMR,chemical,2,2
AVKL,RMDL,chemical,1,2
AVKL,RMGL,chemical,1,2
AVKL,SAADR,chemical,2,2
AVKL,SAAVL,chemical,1,2
AVKR,AIBR,chemical,1,2
AVKR,AVER,chemical,1,2
AVKR,RIML,chemical,3,2
AVKR,RIMR,chemical,2,2
AVKR,RIVL,chemical,1,2
AVKR,RMDL,chemical,1,2
AVKR,RMDR,chemical,1,2
AVKR,RMGL,chemical,1,2
AVKR,SAADL,chemical,1,2
AVKR,SAADR,chemical,1,2
AVKR,SAAVL,chemical,1,2
AVKR,SAAVR,chemical,1,2
AVL,CEPshVR,chemical,1,2
AVL,RMER,chemical,1,2
AWAL,ADLL,chemical,1,2
AWAL,AIAL,chemical,1,2
AWAL,AIYL,chemical,1,2
AWAL,AIZL,chemical,1,2
AWAL,ASEL,chemical,2,2
AWAL,AWAR,chemical,1,2
AWAL,AWBL,chemical,1,2
AWAL,AWCR,chemical,1,2
AWAR,ADLR,chemical,1,2
AWAR,AIAR,chemical,1,2
AWAR,AIZR,chemical,1,2
AWAR,ASER,chemical,2,2
AWAR,AWBR,chemical,4,2
AWAR,PVQR,chemical,1,2
AWBL,ADFL,chemical,2,2
AWBL,AIAL,chemical,1,2
AWBL,AIZL,chemical,2,2
AWBL,AVHR,chemical,1,2
AWBR,ADFR,chemical,1,2
AWBR,AIAR,chemical,1,2
AWBR,AIZR,chemical,2,2
AWCL,AIAL,chemical,2,2
AWCL,AIBL,chemical,3,2
AWCL,AIBR,chemical,3,2
AWCL,AIYL,chemical,3,2
AWCL,AIYR,chemical,2,2
AWCL,ASEL,chemical,3,2
AWCL,AWCR,chemical,2,2
AWCL,IL1R,chemical,1,2
AWCL,IL2R,chemical,1,2
AWCR,AIAL,chemical,1,2
AWCR,AIAR,chemical,4,2
AWCR,AIBL,chemical,1,2
AWCR,AIBR,chemical,3,2
AWCR,AIYL,chemical,4,2
AWCR,AIYR,chemical,2,2
AWCR,AIZL,chemical,1,2
AWCR,ASER,chemical,1,2
AWCR,AWCL,chemical,5,2
BAGL,AVER,chemical,1,2
BAGL,RIAR,chemical,3,2
BAGL,RIBR,chemical,3,2
BAGL,RIGR,chemical,1,2
BAGR,AVEL,chemical,1,2
BAGR,RIAL,chemical,3,2
BAGR,RIBL,chemical,3,2
BAGR,RIGL,chemical,1,2
BDUL,AVJR,chemical,1,2
BDUL,PVCL,chemical,1,2
BDUL,RMGL,chemical,1,2
BDUL,SIBVR,chemical,2,2
BDUR,ALMR,chemical,1,2
BDUR,PVCR,chemical,1,2
CEPDL,ADAL,chemical,1,2
CEPDL,AVER,chemical,3,2
CEPDL,IL1DL,chemical,1,2
CEPDL,OLLL,chemical,3,2
CEPDL,OLQDL,chemical,2,2
CEPDL,PVR,chemical,1,2
CEPDL,RICL,chemical,3,2
CEPDL,RICR,chemical,2,2
CEPDL,URADL,chemical,1,2
CEPDL,URBL,chemical,1,2
CEPDL,URYDL,chemical,1,2
CEPDR,ADAR,chemical,1,2
CEPDR,AVEL,chemical,3,2
CEPDR,OLLR,chemical,2,2
CEPDR,OLQDR,chemical,1,2
CEPDR,PVR,chemical,1,2
CEPDR,RICL,chemical,2,2
CEPDR,RICR,chemical,3,2
CEPDR,RMDVR,chemical,2,2
CEPDR,URADR,chemical,1,2
CEPDR,URBR,chemical,1,2
CEPDR,URYDR,chemical,1,2
CEPVL,AVER,chemical,2,2
CEPVL,OLLL,chemical,3,2
CEPVL,OLQVL,chemical,1,2
CEPVL,RICL,chemical,3,2
CEPVL,RICR,chemical,2,2
CEPVL,RMDDL,chemical,1,2
CEPVL,URYVL,chemical,1,2
CEPVR,AVEL,chemical,4,2
CEPVR,OLLR,chemical,5,2
CEPVR,OLQVR,chemical,1,2
CEPVR,RICL,chemical,2,2
CEPVR,RICR,chemical,2,2
CEPVR,RMDDR,chemical,1,2
CEPVR,SMDVL,chemical,4,2
DVA,AIZL,chemical,2,2
DVA,AIZR,chemical,2,2
DVA,AUAL,chemical,1,2
DVA,AUAR,chemical,2,2
DVA,AVEL,chemical,2,2
DVA,AVER,chemical,4,2
DVA,RICL,chemical,1,2
DVA,RIR,chemical,3,2
DVA,SIADL,chemical,1,2
DVA,SIADR,chemical,1,2
DVC,AIBR,chemical,3,2
DVC,AVAL,chemical,1,2
DVC,AVAR,chemical,2,2
DVC,BAGL,chemical,2,2
DVC,RIBL,chemical,2,2
DVC,RIBR,chemical,3,2
DVC,RIGL,chemical,3,2
DVC,RIGR,chemical,1,2
DVC,URXR,chemical,1,2
FLPL,ADEL,chemical,1,2
FLPL,ADER,chemical,1,2
FLPL,AVAL,chemical,3,2
FLPL,AVBL,chemical,1,2
FLPL,AVDL,chemical,1,2
FLPL,FLPR,chemical,1,2
FLPL,PVCL,chemical,1,2
FLPR,ADEL,chemical,1,2
FLPR,AVAL,chemical,2,2
FLPR,AVAR,chemical,1,2
IL1DL,BWM-DL01,chemical,2,2
IL1DL,BWM-DL02,chemical,2,2
IL1DL,RIPL,chemical,5,2
IL1DL,RMDVL,chemical,5,2
IL1DL,RMEL,chemical,2,2
IL1DR,BWM-DR01,chemical,1,2
IL1DR,BWM-DR02,chemical,3,2
IL1DR,GLRDR,chemical,1,2
IL1DR,RIPR,chemical,3,2
IL1DR,RMDVR,chemical,3,2
IL1DR,RMER,chemical,2,2
IL1L,BWM-DL02,chemical,5,2
IL1L,BWM-VL02,chemical,4,2
IL1L,RMDDL,chemical,3,2
IL1L,RMDL,chemical,1,2
IL1L,RMDVL,chemical,2,2
IL1L,RMDVR,chemical,2,2
IL1L,RMER,chemical,3,2
IL1R,BWM-DR02,chemical,2,2
IL1R,BWM-VR02,chemical,3,2
IL1R,RMDDR,chemical,1,2
IL1R,RMDR,chemical,1,2
IL1R,RMDVL,chemical,1,2
IL1R,RMDVR,chemical,1,2
IL1R,URAVR,chemical,1,2
IL1VL,BWM-VL01,chemical,2,2
IL1VL,BWM-VL02,chemical,3,2
IL1VL,RIPL,chemical,4,2
IL1VL,RMDDL,chemical,5,2
IL1VL,RMEL,chemical,3,2
IL1VR,BWM-VR01,chemical,1,2
IL1VR,BWM-VR02,chemical,2,2
IL1VR,RIPR,chemical,3,2
IL1VR,RMDDR,chemical,3,2
IL1VR,RMER,chemical,2,2
IL2DL,RIPL,chemical,4,2
IL2DL,RIPR,chemical,1,2
IL2DL,RMED,chemical,2,2
IL2DL,RMEL,chemical,2,2
IL2DL,RMER,chemical,2,2
IL2DL,RMEV,chemical,1,2
IL2DL,URADL,chemical,2,2
IL2DR,GLRR,chemical,1,2
IL2DR,RIH,chemical,1,2
IL2DR,RIPR,chemical,4,2
IL2DR,RMED,chemical,1,2
IL2DR,RMER,chemical,2,2
IL2DR,URADR,chemical,1,2
IL2L,CEPDL,chemical,1,2
IL2L,OLQDL,chemical,2,2
IL2L,OLQVL,chemical,2,2
IL2L,RIH,chemical,4,2
IL2R,OLQDR,chemical,4,2
IL2R,OLQVR,chemical,2,2
IL2R,RIH,chemical,4,2
IL2VL,RIPL,chemical,4,2
IL2VL,RMEL,chemical,3,2
IL2VL,RMER,chemical,2,2
IL2VL,RMEV,chemical,3,2
IL2VL,URAVL,chemical,3,2
IL2VR,GLRVR,chemical,1,2
IL2VR,RIPR,chemical,4,2
IL2VR,RMEL,chemical,3,2
IL2VR,RMER,chemical,1,2
IL2VR,RMEV,chemical,1,2
IL2VR,URAVR,chemical,2,2
OLLL,AVER,chemical,11,2
OLLL,CEPDL,chemical,2,2
OLLL,CEPVL,chemical,4,2
OLLL,RIBL,chemical,5,2
OLLL,RMDVL,chemical,1,2
OLLL,SMDDR,chemical,3,2
OLLL,SMDVR,chemical,3,2
OLLR,AVEL,chemical,9,2
OLLR,CEPDR,chemical,1,2
OLLR,RIBR,chemical,3,2
OLLR,RMDVR,chemical,1,2
OLLR,SMDDL,chemical,3,2
OLLR,SMDVL,chemical,4,2
OLLR,SMDVR,chemical,1,2
OLQDL,IL2L,chemical,2,2
OLQDL,RICR,chemical,1,2
OLQDL,RMDDL,chemical,1,2
OLQDL,RMDDR,chemical,2,2
OLQDL,RMDVL,chemical,1,2
OLQDL,SIBVL,chemical,2,2
OLQDL,URYDL,chemical,1,2
OLQDR,IL2R,chemical,1,2
OLQDR,RICL,chemical,1,2
OLQDR,RICR,chemical,1,2
OLQDR,RMDDL,chemical,1,2
OLQDR,SIBVR,chemical,1,2
OLQVL,IL2L,chemical,2,2
OLQVL,RICL,chemical,1,2
OLQVL,RIH,chemical,1,2
OLQVL,RMDVR,chemical,1,2
OLQVL,SIBDL,chemical,1,2
OLQVR,IL2R,chemical,1,2
OLQVR,RICR,chemical,1,2
OLQVR,RMDDR,chemical,1,2
OLQVR,RMDVL,chemical,2,2
OLQVR,SIBDR,chemical,1,2
PVCL,AVAL,chemical,1,2
PVCL,AVBL,chemical,1,2
PVCL,AVBR,chemical,2,2
PVCL,AVDR,chemical,1,2
PVCL,AVER,chemical,1,2
PVCL,AVHR,chemical,1,2
PVCL,RID,chemical,1,2
PVCL,SIAVL,chemical,1,2
PVCR,AVBL,chemical,1,2
PVCR,AVEL,chemical,1,2
PVCR,SIAVR,chemical,1,2
PVPL,AIBR,chemical,2,2
PVPL,AVAR,chemical,1,2
PVPL,AVBL,chemical,1,2
PVPL,AVHR,chemical,1,2
PVPL,RID,chemical,1,2
PVPL,RIGL,chemical,1,2
PVPL,RIR,chemical,1,2
PVPL,URXL,chemical,1,2
PVPL,URYVL,chemical,1,2
PVPR,AVAR,chemical,2,2
PVPR,AVBL,chemical,2,2
PVPR,AVBR,chemical,1,2
PVPR,AVDL,chemical,1,2
PVPR,AVDR,chemical,1,2
PVPR,DVA,chemical,1,2
PVPR,RIGR,chemical,1,2
PVPR,RIR,chemical,1,2
PVPR,URXR,chemical,1,2
PVQL,AIAL,chemical,5,2
PVQL,AIBL,chemical,1,2
PVQL,ASHL,chemical,1,2
PVQL,ASJL,chemical,1,2
PVQL,ASKL,chemical,5,2
PVQR,AIAL,chemical,1,2
PVQR,AIAR,chemical,5,2
PVQR,AIBR,chemical,1,2
PVQR,AIMR,chemical,1,2
PVQR,ASKR,chemical,2,2
PVQR,CEPshVR,chemical,1,2
PVR,AVBL,chemical,2,2
PVR,AVBR,chemical,1,2
PVR,AVDL,chemical,1,2
PVR,AVJR,chemical,1,2
PVR,CEPVL,chemical,1,2
PVR,IL1VL,chemical,1,2
PVR,RIPR,chemical,1,2
PVR,URYVL,chemical,1,2
PVT,AVEL,chemical,1,2
PVT,AVKL,chemical,2,2
PVT,AVKR,chemical,3,2
PVT,CEPshDL,chemical,1,2
PVT,CEPshVL,chemical,2,2
PVT,DVC,chemical,1,2
PVT,OLQVL,chemical,1,2
PVT,RIGL,chemical,2,2
PVT,RIGR,chemical,2,2
PVT,RMEV,chemical,1,2
PVT,SAADL,chemical,1,2
RIAL,CEPDL,chemical,1,2
RIAL,RIAR,chemical,5,2
RIAL,RIVR,chemical,1,2
RIAL,RMDDL,chemical,9,2
RIAL,RMDDR,chemical,4,2
RIAL,RMDL,chemical,4,2
RIAL,RMDR,chemical,3,2
RIAL,RMDVL,chemical,8,2
RIAL,RMDVR,chemical,9,2
RIAL,SIADL,chemical,2,2
RIAL,SIAVL,chemical,1,2
RIAL,SIAVR,chemical,3,2
RIAL,SMDDL,chemical,3,2
RIAL,SMDDR,chemical,5,2
RIAL,SMDVL,chemical,4,2
RIAL,SMDVR,chemical,5,2
RIAR,CEPDR,chemical,1,2
RIAR,CEPVL,chemical,1,2
RIAR,GLRVL,chemical,1,2
RIAR,RIAL,chemical,7,2
RIAR,RMDDL,chemical,5,2
RIAR,RMDDR,chemical,7,2
RIAR,RMDL,chemical,7,2
RIAR,RMDR,chemical,4,2
RIAR,RMDVL,chemical,7,2
RIAR,RMDVR,chemical,9,2
RIAR,SIADL,chemical,1,2
RIAR,SIADR,chemical,2,2
RIAR,SIAVL,chemical,4,2
RIAR,SMBDR,chemical,1,2
RIAR,SMDDL,chemical,3,2
RIAR,SMDDR,chemical,3,2
RIAR,SMDVL,chemical,4,2
RIAR,SMDVR,chemical,4,2
RIBL,AIBR,chemical,1,2
RIBL,AUAL,chemical,1,2
RIBL,AVAL,chemical,3,2
RIBL,AVDR,chemical,1,2
RIBL,AVEL,chemical,2,2
RIBL,AVER,chemical,3,2
RIBL,BAGR,chemical,2,2
RIBL,RIAL,chemical,1,2
RIBL,RIML,chemical,1,2
RIBL,RIS,chemical,1,2
RIBL,SMDVR,chemical,1,2
RIBR,AVAR,chemical,2,2
RIBR,AVBL,chemical,1,2
RIBR,AVDL,chemical,1,2
RIBR,AVEL,chemical,2,2
RIBR,AVER,chemical,2,2
RIBR,BAGL,chemical,1,2
RIBR,DVA,chemical,1,2
RIBR,RIS,chemical,1,2
RIBR,SMDVL,chemical,1,2
RICL,ADAR,chemical,1,2
RICL,AVAL,chemical,2,2
RICL,AVAR,chemical,3,2
RICL,SMDDL,chemical,2,2
RICL,SMDDR,chemical,2,2
RICL,SMDVL,chemical,1,2
RICL,SMDVR,chemical,1,2
RICR,ADAR,chemical,1,2
RICR,AVAL,chemical,3,2
RICR,AVAR,chemical,3,2
RICR,RICL,chemical,2,2
RICR,SIBVL,chemical,1,2
RICR,SMDDL,chemical,1,2
RICR,SMDDR,chemical,1,2
RICR,SMDVL,chemical,1,2
RICR,SMDVR,chemical,1,2
RIFL,ALML,chemical,1,2
RIFL,ASHL,chemical,3,2
RIFL,AVBL,chemical,6,2
RIFL,AVBR,chemical,1,2
RIFL,AVJL,chemical,1,2
RIFL,AVJR,chemical,4,2
RIFL,RIML,chemical,2,2
RIFR,ASHR,chemical,1,2
RIFR,AVBR,chemical,3,2
RIFR,AVJL,chemical,2,2
RIFR,AVJR,chemical,2,2
RIFR,PVPR,chemical,1,2
RIFR,RIMR,chemical,1,2
RIGL,AVER,chemical,1,2
RIGL,AVKR,chemical,1,2
RIGL,BAGR,chemical,2,2
RIGL,DVC,chemical,1,2
RIGL,IL1DL,chemical,1,2
RIGL,OLQDL,chemical,1,2
RIGL,OLQVL,chemical,1,2
RIGL,RIAL,chemical,1,2
RIGL,RIBL,chemical,2,2
RIGL,RIR,chemical,1,2
RIGL,RMEL,chemical,1,2
RIGL,RMGL,chemical,1,2
RIGL,URYDL,chemical,2,2
RIGL,URYVL,chemical,1,2
RIGR,AIBL,chemical,3,2
RIGR,AIZR,chemical,1,2
RIGR,AVER,chemical,1,2
RIGR,AVKL,chemical,2,2
RIGR,AVKR,chemical,1,2
RIGR,BAGL,chemical,1,2
RIGR,CEPshVR,chemical,1,2
RIGR,DVC,chemical,1,2
RIGR,OLQVR,chemical,1,2
RIGR,PVT,chemical,1,2
RIGR,RIAR,chemical,1,2
RIGR,RIBR,chemical,2,2
RIGR,RIR,chemical,2,2
RIGR,RMGR,chemical,1,2
RIGR,URXR,chemical,1,2
RIGR,URYVR,chemical,2,2
RIH,AIZL,chemical,3,2
RIH,AIZR,chemical,1,2
RIH,CEPDL,chemical,1,2
RIH,CEPVL,chemical,1,2
RIH,CEPshVL,chemical,2,2
RIH,CEPshVR,chemical,1,2
RIH,GLRR,chemical,1,2
RIH,GLRVL,chemical,1,2
RIH,GLRVR,chemical,1,2
RIH,IL2VL,chemical,2,2
RIH,IL2VR,chemical,1,2
RIH,OLQDL,chemical,1,2
RIH,OLQDR,chemical,1,2
RIH,OLQVL,chemical,2,2
RIH,OLQVR,chemical,2,2
RIH,RIAL,chemical,4,2
RIH,RIAR,chemical,2,2
RIH,RIBL,chemical,1,2
RIH,RIBR,chemical,1,2
RIH,RIPL,chemical,2,2
RIH,RIPR,chemical,4,2
RIH,RIR,chemical,1,2
RIH,RIS,chemical,1,2
RIH,RMER,chemical,1,2
RIH,URYVR,chemical,1,2
RIML,AIBR,chemical,1,2
RIML,AVAR,chemical,1,2
RIML,AVBL,chemical,1,2
RIML,AVBR,chemical,3,2
RIML,AVDL,chemical,1,2
RIML,BWM-VR04,chemical,1,2
RIML,PVCL,chemical,1,2
RIML,RIBL,chemical,1,2
RIML,RIS,chemical,1,2
RIML,RMDL,chemical,1,2
RIML,RMDR,chemical,2,2
RIML,SAAVL,chemical,1,2
RIML,SAAVR,chemical,2,2
RIML,SIADL,chemical,1,2
RIML,SIADR,chemical,1,2
RIML,SIBVR,chemical,1,2
RIML,SMDDL,chemical,3,2
RIML,SMDDR,chemical,1,2
RIML,SMDVL,chemical,2,2
RIML,SMDVR,chemical,2,2
RIMR,AIBL,chemical,4,2
RIMR,AVBL,chemical,1,2
RIMR,BWM-VL04,chemical,1,2
RIMR,RIBL,chemical,1,2
RIMR,RIBR,chemical,2,2
RIMR,RMDL,chemical,3,2
RIMR,RMDR,chemical,1,2
RIMR,SAADR,chemical,1,2
RIMR,SAAVL,chemical,1,2
RIMR,SAAVR,chemical,1,2
RIMR,SMDDL,chemical,1,2
RIMR,SMDDR,chemical,4,2
RIMR,SMDVL,chemical,2,2
RIMR,SMDVR,chemical,5,2
RIR,AIZL,chemical,2,2
RIR,AIZR,chemical,3,2
RIR,AUAL,chemical,1,2
RIR,AVEL,chemical,1,2
RIR,AVER,chemical,1,2
RIR,BAGL,chemical,1,2
RIR,BAGR,chemical,1,2
RIR,CEPshVR,chemical,1,2
RIR,DVA,chemical,2,2
RIR,RIAL,chemical,3,2
RIR,RIAR,chemical,2,2
RIR,RIH,chemical,1,2
RIR,URXL,chemical,4,2
RIR,URXR,chemical,1,2
RIS,AVEL,chemical,2,2
RIS,AVER,chemical,3,2
RIS,AVKR,chemical,1,2
RIS,CEPDL,chemical,1,2
RIS,CEPDR,chemical,1,2
RIS,CEPVL,chemical,1,2
RIS,CEPVR,chemical,1,2
RIS,RIBL,chemical,2,2
RIS,RIBR,chemical,1,2
RIS,RIML,chemical,1,2
RIS,RIMR,chemical,1,2
RIS,RMDL,chemical,1,2
RIS,RMGR,chemical,1,2
RIS,SMDDR,chemical,1,2
RIVL,AVAL,chemical,1,2
RIVL,RIAR,chemical,3,2
RIVL,RIH,chemical,1,2
RIVL,RMDDR,chemical,1,2
RIVL,SAADR,chemical,2,2
RIVL,SMDDR,chemical,1,2
RIVR,GLRVL,chemical,1,2
RIVR,RIAL,chemical,2,2
RIVR,RMDDL,chemical,1,2
RIVR,SAADL,chemical,1,2
RIVR,SMDVL,chemical,1,2
RIVR,SMDVR,chemical,1,2
RMDDL,BWM-DR01,chemical,3,2
RMDDL,BWM-DR02,chemical,3,2
RMDDL,BWM-DR03,chemical,3,2
RMDDL,BWM-DR04,chemical,2,2
RMDDL,RMDVR,chemical,6,2
RMDDR,BWM-DL01,chemical,2,2
RMDDR,BWM-DL02,chemical,3,2
RMDDR,BWM-DL03,chemical,2,2
RMDDR,BWM-DL04,chemical,1,2
RMDDR,RMDVL,chemical,5,2
RMDL,BWM-DR02,chemical,2,2
RMDL,BWM-DR04,chemical,1,2
RMDL,BWM-VR02,chemical,1,2
RMDL,IL1R,chemical,2,2
RMDL,IL2R,chemical,1,2
RMDL,OLLR,chemical,1,2
RMDL,RIAL,chemical,2,2
RMDL,RIAR,chemical,2,2
RMDL,RMDDL,chemical,2,2
RMDL,RMDDR,chemical,1,2
RMDL,RMDR,chemical,4,2
RMDL,RMDVR,chemical,1,2
RMDL,RMGR,chemical,1,2
RMDR,BWM-DL02,chemical,1,2
RMDR,BWM-DL04,chemical,2,2
RMDR,BWM-DL06,chemical,1,2
RMDR,BWM-VL02,chemical,1,2
RMDR,BWM-VL04,chemical,1,2
RMDR,IL1L,chemical,3,2
RMDR,IL2L,chemical,1,2
RMDR,RIAL,chemical,3,2
RMDR,RIAR,chemical,2,2
RMDR,RMDDL,chemical,1,2
RMDR,RMDL,chemical,3,2
RMDR,RMDVL,chemical,1,2
RMDR,RMGL,chemical,1,2
RMDVL,BWM-VR01,chemical,2,2
RMDVL,BWM-VR02,chemical,3,2
RMDVL,BWM-VR03,chemical,2,2
RMDVL,BWM-VR04,chemical,2,2
RMDVL,RMDDR,chemical,5,2
RMDVR,BWM-VL01,chemical,2,2
RMDVR,BWM-VL02,chemical,5,2
RMDVR,BWM-VL03,chemical,1,2
RMDVR,BWM-VL04,chemical,3,2
RMDVR,RMDDL,chemical,6,2
RMED,BWM-VL01,chemical,6,2
RMED,BWM-VL03,chemical,1,2
RMED,BWM-VR01,chemical,4,2
RMED,BWM-VR03,chemical,1,2
RMED,RMDVL,chemical,4,2
RMED,RMDVR,chemical,4,2
RMED,RMEV,chemical,2,2
RMED,SMDDL,chemical,1,2
RMED,SMDDR,chemical,1,2
RMEL,BWM-DR02,chemical,2,2
RMEL,BWM-VR02,chemical,4,2
RMER,BWM-DL02,chemical,2,2
RMER,BWM-VL02,chemical,5,2
RMER,GLRL,chemical,1,2
RMER,URAVL,chemical,1,2
RMEV,BWM-DL01,chemical,4,2
RMEV,BWM-DL03,chemical,1,2
RMEV,BWM-DR01,chemical,3,2
RMEV,BWM-DR03,chemical,2,2
RMEV,RMDDL,chemical,1,2
RMEV,RMDDR,chemical,3,2
RMEV,SMDVL,chemical,1,2
RMEV,SMDVR,chemical,1,2
RMGL,RMDDL,chemical,1,2
RMGL,RMDL,chemical,2,2
RMGL,RMDR,chemical,4,2
RMGL,RMDVL,chemical,1,2
RMGL,SIBVL,chemical,1,2
RMGR,RMDL,chemical,4,2
RMGR,RMDR,chemical,2,2
RMGR,RMDVR,chemical,2,2
SAADL,AVAL,chemical,2,2
SAADL,RIML,chemical,2,2
SAADL,RIMR,chemical,2,2
SAADL,SMDVR,chemical,1,2
SAADR,AVAR,chemical,1,2
SAADR,RIML,chemical,1,2
SAADR,RIMR,chemical,2,2
SAADR,SMDVL,chemical,1,2
SAAVL,AVAL,chemical,4,2
SAAVL,RIML,chemical,2,2
SAAVL,RIMR,chemical,4,2
SAAVL,SMDDR,chemical,2,2
SAAVR,AVAR,chemical,5,2
SAAVR,RIML,chemical,2,2
SAAVR,RIMR,chemical,3,2
SAAVR,SMDDL,chemical,2,2
SMBDL,BWM-DL01,chemical,1,2
SMBDL,BWM-DL05,chemical,1,2
SMBDL,BWM-DR01,chemical,2,2
SMBDL,BWM-DR02,chemical,1,2
SMBDL,BWM-DR03,chemical,1,2
SMBDL,BWM-DR04,chemical,1,2
SMBDL,BWM-DR05,chemical,1,2
SMBDL,BWM-DR08,chemical,1,2
SMBDL,GLRDL,chemical,1,2
SMBDL,RMED,chemical,2,2
SMBDL,SAAVR,chemical,2,2
SMBDL,SMBDR,chemical,1,2
SMBDR,BWM-DL01,chemical,3,2
SMBDR,BWM-DL02,chemical,1,2
SMBDR,BWM-DL03,chemical,2,2
SMBDR,BWM-DL04,chemical,2,2
SMBDR,BWM-DL05,chemical,1,2
SMBDR,GLRL,chemical,1,2
SMBDR,RMED,chemical,3,2
SMBDR,SAAVL,chemical,2,2
SMBDR,SIBVL,chemical,1,2
SMBDR,SMDDR,chemical,1,2
SMBVL,BWM-VL01,chemical,1,2
SMBVL,BWM-VL02,chemical,1,2
SMBVL,BWM-VL03,chemical,2,2
SMBVL,BWM-VL04,chemical,1,2
SMBVL,GLRL,chemical,1,2
SMBVL,RMDVR,chemical,2,2
SMBVL,RMEV,chemical,2,2
SMBVL,SAADL,chemical,3,2
SMBVL,SMDVR,chemical,1,2
SMBVR,BWM-VR01,chemical,2,2
SMBVR,BWM-VR02,chemical,1,2
SMBVR,BWM-VR03,chemical,2,2
SMBVR,BWM-VR04,chemical,1,2
SMBVR,RMDVL,chemical,2,2
SMBVR,RMEV,chemical,2,2
SMBVR,SAADR,chemical,3,2
SMDDL,BWM-DL03,chemical,1,2
SMDDL,BWM-DR01,chemical,1,2
SMDDL,BWM-DR03,chemical,1,2
SMDDL,RIAL,chemical,2,2
SMDDL,RIAR,chemical,3,2
SMDDL,SMDVL,chemical,1,2
SMDDL,SMDVR,chemical,3,2
SMDDR,BWM-DL01,chemical,1,2
SMDDR,BWM-DL03,chemical,1,2
SMDDR,RIAL,chemical,2,2
SMDDR,RIAR,chemical,2,2
SMDDR,SMDVL,chemical,3,2
SMDVL,BWM-VR01,chemical,1,2
SMDVL,BWM-VR03,chemical,1,2
SMDVL,CEPVR,chemical,1,2
SMDVL,RIAL,chemical,2,2
SMDVL,RIAR,chemical,3,2
SMDVL,SMDDR,chemical,2,2
SMDVR,BWM-VL01,chemical,1,2
SMDVR,BWM-VL03,chemical,1,2
SMDVR,BWM-VR01,chemical,2,2
SMDVR,BWM-VR03,chemical,1,2
SMDVR,RIAL,chemical,5,2
SMDVR,RIAR,chemical,3,2
SMDVR,SMDDL,chemical,3,2
SMDVR,SMDDR,chemical,1,2
URADL,BWM-DL01,chemical,2,2
URADL,BWM-DL02,chemical,3,2
URADL,IL1DL,chemical,1,2
URADL,RIPL,chemical,3,2
URADL,RMEL,chemical,2,2
URADR,BWM-DR01,chemical,2,2
URADR,RIPR,chemical,2,2
URADR,RMEL,chemical,1,2
URADR,RMER,chemical,2,2
URADR,RMEV,chemical,1,2
URAVL,BWM-VL01,chemical,2,2
URAVL,BWM-VL02,chemical,2,2
URAVL,IL2VL,chemical,1,2
URAVL,RIPL,chemical,3,2
URAVL,RMED,chemical,1,2
URAVL,RMEL,chemical,2,2
URAVL,RMEV,chemical,1,2
URAVR,BWM-VR01,chemical,2,2
URAVR,BWM-VR02,chemical,2,2
URAVR,RIPR,chemical,2,2
URAVR,RMED,chemical,1,2
URAVR,RMER,chemical,3,2
URAVR,RMEV,chemical,1,2
URBL,BWM-DL02,chemical,1,2
URBL,CEPDL,chemical,1,2
URBL,CEPshVL,chemical,1,2
URBL,IL1L,chemical,3,2
URBL,IL2L,chemical,1,2
URBL,SIAVL,chemical,1,2
URBL,URXL,chemical,2,2
URBR,BWM-DR06,chemical,1,2
URBR,CEPDR,chemical,1,2
URBR,IL1R,chemical,2,2
URBR,IL2R,chemical,1,2
URBR,RICR,chemical,1,2
URBR,URXR,chemical,3,2
URXL,AIBR,chemical,1,2
URXL,AUAL,chemical,2,2
URXL,AVEL,chemical,1,2
URXL,IL1L,chemical,1,2
URXL,OLQVL,chemical,1,2
URXL,PVPL,chemical,2,2
URXL,RIAL,chemical,2,2
URXL,RICL,chemical,1,2
URXL,RICR,chemical,1,2
URXL,RIGL,chemical,2,2
URXL,RMGL,chemical,1,2
URXL,URAVL,chemical,1,2
URXR,ADAR,chemical,1,2
URXR,AUAR,chemical,2,2
URXR,RIAR,chemical,3,2
URXR,RICL,chemical,1,2
URXR,RICR,chemical,1,2
URXR,RIGR,chemical,2,2
URYDL,AVER,chemical,3,2
URYDL,IL1DL,chemical,1,2
URYDL,RIBL,chemical,2,2
URYDL,RMDDR,chemical,1,2
URYDL,RMDVL,chemical,1,2
URYDL,SMDDR,chemical,4,2
URYDR,AVEL,chemical,1,2
URYDR,RIBR,chemical,2,2
URYDR,RMDDL,chemical,2,2
URYDR,RMDVR,chemical,2,2
URYDR,SMDDL,chemical,3,2
URYVL,AVER,chemical,5,2
URYVL,CEPshVL,chemical,1,2
URYVL,RIBL,chemical,2,2
URYVL,RMDDL,chemical,3,2
URYVL,RMDVR,chemical,1,2
URYVL,SMDVR,chemical,3,2
URYVR,AVEL,chemical,3,2
URYVR,RIBR,chemical,2,2
URYVR,RMDDR,chemical,2,2
URYVR,RMDVL,chemical,1,2
URYVR,SMDVL,chemical,4,2
