neuron,smp-2,nrx-1,plx-1,unc-6,unc-129,syg-1,efn-3,cdh-3,cdh-4,syg-2,mig-1,vab-2,nlg-1,rig-3,cfz-2,syd-2,efn-4,slt-1,sax-3,mom-5,egl-20,sax-7,smp-1,nid-1,mig-5,lin-44,vab-1,unc-40,hmr-1,lin-17,efn-2,rig-6,unc-5,plx-2
ADEL,-0.35832995,-0.6377594,-0.5863807,-0.07184876,-0.29328912,0.46807185,0.0,-0.8491572,-0.7352788,-0.7552934,-0.8607938,-0.5457942,-0.07494744,-0.50751746,-0.39166856,0.093115166,0.16953789,-0.26408654,1.8633895,1.2375729,-0.15184641,0.46873313,0.423085,0.46505576,-0.108627275,-0.29439822,-0.7649598,1.042206,1.2815378,-0.6999541,0.8352648,-0.32483354,0.17539972,-0.01139026
ADER,-0.35832995,-0.6377594,-0.5863807,-0.07184876,-0.29328912,0.46807185,0.0,-0.8491572,-0.7352788,-0.7552934,-0.8607938,-0.5457942,-0.07494744,-0.50751746,-0.39166856,0.093115166,0.16953789,-0.26408654,1.8633895,1.2375729,-0.15184641,0.46873313,0.423085,0.46505576,-0.108627275,-0.29439822,-0.7649598,1.042206,1.2815378,-0.6999541,0.8352648,-0.32483354,0.17539972,-0.01139026
ADFL,-0.35832995,-0.46442366,-0.5863807,-0.3876786,-0.45785543,1.9280622,0.0,1.1176038,0.060877968,-0.4085061,-0.8607938,0.6877479,-0.36898717,2.42675,-0.21850958,-0.77428037,-0.4216868,-0.26408654,-0.28394753,-0.90778196,-0.15184641,-0.012119671,-0.2819938,0.36997998,-0.012969062,-0.29439822,-0.7287211,-0.4362907,-0.78207624,-0.6999541,-0.56930727,-0.070854865,-0.58119756,-0.820083
ADFR,-0.35832995,-0.46442366,-0.5863807,-0.3876786,-0.45785543,1.9280622,0.0,1.1176038,0.060877968,-0.4085061,-0.8607938,0.6877479,-0.36898717,2.42675,-0.21850958,-0.77428037,-0.4216868,-0.26408654,-0.28394753,-0.90778196,-0.15184641,-0.012119671,-0.2819938,0.36997998,-0.012969062,-0.29439822,-0.7287211,-0.4362907,-0.78207624,-0.6999541,-0.56930727,-0.070854865,-0.58119756,-0.820083
ADLL,1.0645522,-0.5365814,-0.5863807,-0.23162147,-0.341691,-0.84496486,0.0,0.3945299,-0.8209727,-0.74390167,-0.46657425,0.15623643,-0.36898717,-0.65128446,-0.32428536,-0.06940338,0.0006966998,-0.14338782,-0.5167055,-0.15059787,-0.15184641,-0.25585544,-0.63376516,-0.5770489,-0.7861127,-0.098860666,-0.8566227,-0.5260666,-0.8004889,-0.36185843,-0.6535029,-0.68383116,-0.6263047,-0.53738034
ADLR,1.0645522,-0.5365814,-0.5863807,-0.23162147,-0.341691,-0.84496486,0.0,0.3945299,-0.8209727,-0.74390167,-0.46657425,0.15623643,-0.36898717,-0.65128446,-0.32428536,-0.06940338,0.0006966998,-0.14338782,-0.5167055,-0.15059787,-0.15184641,-0.25585544,-0.63376516,-0.5770489,-0.7861127,-0.098860666,-0.8566227,-0.5260666,-0.8004889,-0.36185843,-0.6535029,-0.68383116,-0.6263047,-0.53738034
AFDL,-0.35832995,-0.5558534,-0.5863807,-0.38595977,-0.31679857,-0.2626956,0.0,-0.5135591,-0.7352788,-0.8382908,-0.09488152,0.33824435,-0.36898717,-0.11472557,-0.6371357,-0.36735404,0.6381584,-0.13380857,-0.7550059,-0.6013027,-0.15184641,-0.53681916,-0.37898877,-0.50833863,-0.22615024,0.022186385,-0.80948186,0.016797071,-0.09530867,-0.6999541,-0.6164449,-0.87547654,-0.38985735,-0.72105944
AFDR,-0.35832995,-0.5558534,-0.5863807,-0.38595977,-0.31679857,-0.2626956,0.0,-0.5135591,-0.7352788,-0.8382908,-0.09488152,0.33824435,-0.36898717,-0.11472557,-0.6371357,-0.36735404,0.6381584,-0.13380857,-0.7550059,-0.6013027,-0.15184641,-0.53681916,-0.37898877,-0.50833863,-0.22615024,0.022186385,-0.80948186,0.016797071,-0.09530867,-0.6999541,-0.6164449,-0.87547654,-0.38985735,-0.72105944
AIAL,-0.35832995,0.92937416,-0.5863807,0.988738,-0.45785543,1.67716,0.0,-0.8491572,2.3239958,-0.019383552,-0.8607938,5.819283,-0.36898717,1.1422086,-0.658955,3.8689632,-0.6505479,0.10069179,3.1775277,-0.90778196,-0.15184641,-1.0270258,-0.10093651,-0.17089523,0.3849693,1.4784756,-0.079321705,-0.73516965,0.68332183,-0.6999541,1.8706353,-0.96725035,-0.703889,-0.47504073
AIAR,-0.35832995,0.92937416,-0.5863807,0.988738,-0.45785543,1.67716,0.0,-0.8491572,2.3239958,-0.019383552,-0.8607938,5.819283,-0.36898717,1.1422086,-0.658955,3.8689632,-0.6505479,0.10069179,3.1775277,-0.90778196,-0.15184641,-1.0270258,-0.10093651,-0.17089523,0.3849693,1.4784756,-0.079321705,-0.73516965,0.68332183,-0.6999541,1.8706353,-0.96725035,-0.703889,-0.47504073
AIBL,-0.35832995,-0.13186985,-0.5863807,-0.45986825,-0.22552653,-0.2705113,0.0,-0.8491572,-1.0780547,0.9648673,-0.8607938,-0.5457942,-0.26520845,-0.5973718,0.38323748,-0.3131812,-0.36110592,-0.103154935,-0.76081806,-0.90778196,-0.15184641,-0.95456696,-0.17139322,-0.89769644,-0.9312882,-0.29439822,-1.0766135,-0.646703,1.3401874,-0.6999541,-0.34898224,0.16642639,-0.703889,-0.0698336
AIBR,-0.35832995,-0.13186985,-0.5863807,-0.45986825,-0.22552653,-0.2705113,0.0,-0.8491572,-1.0780547,0.9648673,-0.8607938,-0.5457942,-0.26520845,-0.5973718,0.38323748,-0.3131812,-0.36110592,-0.103154935,-0.76081806,-0.90778196,-0.15184641,-0.95456696,-0.17139322,-0.89769644,-0.9312882,-0.29439822,-1.0766135,-0.646703,1.3401874,-0.6999541,-0.34898224,0.16642639,-0.703889,-0.0698336
AIML,-0.35832995,-0.2555317,-0.5863807,-0.07184876,-0.45785543,-0.92702967,0.0,-0.8491572,0.3573193,-0.174312,-0.8607938,-0.10377491,-0.2219673,-0.50751746,-0.39166856,0.093115166,-0.24050502,1.7877915,-0.90321684,0.1648955,-0.15184641,1.3485914,-0.6998183,0.0108050555,-0.9312882,-0.29439822,-0.45330617,-0.66680914,-0.38017377,-0.061328974,-0.50688183,-0.96725035,-0.703889,1.9756833
AIMR,-0.35832995,-0.2555317,-0.5863807,-0.07184876,-0.45785543,-0.92702967,0.0,-0.8491572,0.3573193,-0.174312,-0.8607938,-0.10377491,-0.2219673,-0.50751746,-0.39166856,0.093115166,-0.24050502,1.7877915,-0.90321684,0.1648955,-0.15184641,1.3485914,-0.6998183,0.0108050555,-0.9312882,-0.29439822,-0.45330617,-0.66680914,-0.38017377,-0.061328974,-0.50688183,-0.96725035,-0.703889,1.9756833
AINL,-0.35832995,-1.2111009,-0.5863807,0.31617072,-0.45785543,-0.2294789,0.0,-0.8491572,0.44836906,-0.65846324,0.47955266,-0.5457942,-0.36898717,-0.35476506,-0.6780469,-1.2882925,-0.6505479,-0.26408654,-0.9896734,0.70123416,-0.15184641,-0.74107194,-0.6998183,-0.89769644,-0.9312882,-0.29439822,-1.0766135,-0.75225985,0.035254143,-0.6999541,0.54766196,-0.48543778,-0.703889,-0.5081587
AINR,-0.35832995,-1.2111009,-0.5863807,0.31617072,-0.45785543,-0.2294789,0.0,-0.8491572,0.44836906,-0.65846324,0.47955266,-0.5457942,-0.36898717,-0.35476506,-0.6780469,-1.2882925,-0.6505479,-0.26408654,-0.9896734,0.70123416,-0.15184641,-0.74107194,-0.6998183,-0.89769644,-0.9312882,-0.29439822,-1.0766135,-0.75225985,0.035254143,-0.6999541,0.54766196,-0.48543778,-0.703889,-0.5081587
AIYL,-0.35832995,0.44012251,0.0006372919,-0.21153578,-0.29987177,-0.257381,0.0,0.2784524,-0.23996769,-0.39121178,-0.21742754,0.09071352,0.054430004,-0.37309536,-0.59786093,-0.40419164,-0.45372736,-0.26408654,-0.25306454,0.12198836,-0.15184641,-1.2029976,-0.6998183,-0.2435754,-0.5364109,-0.29439822,-0.777426,-0.8445467,-0.9119216,-0.39341405,0.85827315,0.26618987,-0.703889,-0.5280294
AIYR,-0.35832995,0.44012251,0.0006372919,-0.21153578,-0.29987177,-0.257381,0.0,0.2784524,-0.23996769,-0.39121178,-0.21742754,0.09071352,0.054430004,-0.37309536,-0.59786093,-0.40419164,-0.45372736,-0.26408654,-0.25306454,0.12198836,-0.15184641,-1.2029976,-0.6998183,-0.2435754,-0.5364109,-0.29439822,-0.777426,-0.8445467,-0.9119216,-0.39341405,0.85827315,0.26618987,-0.703889,-0.5280294
AIZL,-0.35832995,1.5409384,-0.5863807,-0.45986825,-0.45785543,-0.36898905,0.0,-0.8491572,2.4696758,2.3045423,-0.8607938,-0.5457942,-0.36898717,-0.81302226,-0.048014596,-1.2882925,-0.6505479,-0.26408654,0.41092107,4.24107,-0.15184641,0.38074723,0.19850434,0.19250534,-0.9312882,-0.29439822,-0.3286447,-1.0086122,1.0821326,-0.6999541,0.029976824,-0.96725035,-0.703889,-1.004927
AIZR,-0.35832995,1.5409384,-0.5863807,-0.45986825,-0.45785543,-0.36898905,0.0,-0.8491572,2.4696758,2.3045423,-0.8607938,-0.5457942,-0.36898717,-0.81302226,-0.048014596,-1.2882925,-0.6505479,-0.26408654,0.41092107,4.24107,-0.15184641,0.38074723,0.19850434,0.19250534,-0.9312882,-0.29439822,-0.3286447,-1.0086122,1.0821326,-0.6999541,0.029976824,-0.96725035,-0.703889,-1.004927
ALA,-0.35832995,-0.44664556,-0.5863807,-0.28741515,-0.45785543,-0.61700714,0.0,-0.8491572,1.692717,2.1496143,0.6284801,-0.25111467,-0.36898717,0.0016572106,-0.8371459,0.86056393,1.2629856,-0.26408654,1.1717381,0.5224546,-0.15184641,-0.8510542,-0.45028424,2.433476,0.165593,0.07495048,0.37777033,1.0422065,-1.3772008,1.0030462,-0.37905836,0.10344435,1.0546886,1.2029326
ALNL,-0.35832995,-1.2111009,-0.5863807,-0.45986825,0.6705994,-0.92702967,0.0,-0.8491572,-1.4636774,-0.9489539,0.67103076,-0.5457942,-0.36898717,1.281868,-0.96442515,0.2904592,0.7553135,0.51758134,-0.063354254,-0.90778196,-0.15184641,2.0399084,-0.6998183,2.2171657,4.709815,-0.29439822,2.1289673,1.3351804,-1.7095432,1.4896177,2.3965375,-0.96725035,5.3255196,-1.004927
ALNR,-0.35832995,-1.2111009,-0.5863807,-0.45986825,0.6705994,-0.92702967,0.0,-0.8491572,-1.4636774,-0.9489539,0.67103076,-0.5457942,-0.36898717,1.281868,-0.96442515,0.2904592,0.7553135,0.51758134,-0.063354254,-0.90778196,-0.15184641,2.0399084,-0.6998183,2.2171657,4.709815,-0.29439822,2.1289673,1.3351804,-1.7095432,1.4896177,2.3965375,-0.96725035,5.3255196,-1.004927
ASEL,2.1878803,2.2289486,0.18601143,-0.13311496,0.16576427,-0.48647127,0.0,1.005464,-0.198564,-0.39855045,-0.15534829,0.850056,0.14171341,-0.5235967,-0.12036282,-0.56123585,-0.26208627,-0.19209082,-0.15696137,-0.23030145,-0.15184641,1.6032875,-0.22701691,-0.46735367,-0.15192527,0.055511076,-0.4861118,-0.4149542,0.022135416,-0.6999541,-0.58761245,-0.4600792,-0.21796627,-0.27284727
ASER,2.1878803,2.2289486,0.18601143,-0.13311496,0.16576427,-0.48647127,0.0,1.005464,-0.198564,-0.39855045,-0.15534829,0.850056,0.14171341,-0.5235967,-0.12036282,-0.56123585,-0.26208627,-0.19209082,-0.15696137,-0.23030145,-0.15184641,1.6032875,-0.22701691,-0.46735367,-0.15192527,0.055511076,-0.4861118,-0.4149542,0.022135416,-0.6999541,-0.58761245,-0.4600792,-0.21796627,-0.27284727
ASGL,-0.35832995,-1.0026131,-0.5863807,-0.24822125,-0.18856509,-0.41972,0.0,-0.8491572,-0.47040644,-0.10389,0.357703,1.1419157,-0.36898717,0.020172672,-0.86028755,-1.0371275,0.24409114,-0.13973029,-0.9660943,-0.90778196,-0.15184641,0.30875906,-0.2914898,0.093396105,-0.48256403,0.0077961795,-0.7366277,-0.63573605,-0.7125162,-0.0032721453,-0.7857695,-0.6168412,-0.703889,-0.64364094
ASGR,-0.35832995,-1.0026131,-0.5863807,-0.24822125,-0.18856509,-0.41972,0.0,-0.8491572,-0.47040644,-0.10389,0.357703,1.1419157,-0.36898717,0.020172672,-0.86028755,-1.0371275,0.24409114,-0.13973029,-0.9660943,-0.90778196,-0.15184641,0.30875906,-0.2914898,0.093396105,-0.48256403,0.0077961795,-0.7366277,-0.63573605,-0.7125162,-0.0032721453,-0.7857695,-0.6168412,-0.703889,-0.64364094
ASHL,-0.35832995,-0.9053188,-0.5863807,-0.32190576,-0.37008676,-0.86502516,0.0,-0.2227074,-0.5895991,0.2388304,-0.8607938,0.39718023,-0.2905766,2.038356,-0.4043965,-0.30595815,0.33355504,-0.14249377,-0.8340518,-0.90778196,-0.15184641,-0.14716764,-0.6000047,-0.7765629,0.6043455,-0.29439822,-0.49486,-0.4617272,-0.86760926,-0.5296541,-0.5835759,-0.8815948,-0.11769653,-0.47504073
ASHR,-0.35832995,-0.9053188,-0.5863807,-0.32190576,-0.37008676,-0.86502516,0.0,-0.2227074,-0.5895991,0.2388304,-0.8607938,0.39718023,-0.2905766,2.038356,-0.4043965,-0.30595815,0.33355504,-0.14249377,-0.8340518,-0.90778196,-0.15184641,-0.14716764,-0.6000047,-0.7765629,0.6043455,-0.29439822,-0.49486,-0.4617272,-0.86760926,-0.5296541,-0.5835759,-0.8815948,-0.11769653,-0.47504073
ASIL,-0.35832995,-0.9490019,0.25221646,-0.45986825,-0.2885872,-0.36898905,0.0,0.7617137,-0.77690154,-0.48416877,-0.40124646,1.5758983,-0.21776675,-0.39404425,-0.70259356,0.13258404,0.33355504,-0.18591976,-0.35977638,-0.5400068,-0.15184641,-0.67508256,-0.6998183,-0.11898086,-0.64923304,-0.104447454,-0.43549737,-0.83282775,-0.7410027,0.39483184,-0.8246145,-0.7469932,-0.4777862,-0.5507388
ASIR,-0.35832995,-0.9490019,0.25221646,-0.45986825,-0.2885872,-0.36898905,0.0,0.7617137,-0.77690154,-0.48416877,-0.40124646,1.5758983,-0.21776675,-0.39404425,-0.70259356,0.13258404,0.33355504,-0.18591976,-0.35977638,-0.5400068,-0.15184641,-0.67508256,-0.6998183,-0.11898086,-0.64923304,-0.104447454,-0.43549737,-0.83282775,-0.7410027,0.39483184,-0.8246145,-0.7469932,-0.4777862,-0.5507388
ASJL,-0.35832995,-0.9977645,-0.5863807,-0.35158372,-0.320079,-0.8621412,0.0,0.13422333,-0.34567007,-0.7868196,-0.61142707,-0.29908577,-0.36898717,-0.38673648,-0.37834865,0.12524094,-0.3072562,-0.07321416,-0.9112594,-0.30907828,-0.15184641,-0.13489032,-0.49090606,-0.64416116,-0.012969062,-0.13978712,-0.7287211,-0.4362907,-1.1066897,0.3693716,-0.78333735,-0.60869217,0.093605384,-0.820083
ASJR,-0.35832995,-0.9977645,-0.5863807,-0.35158372,-0.320079,-0.8621412,0.0,0.13422333,-0.34567007,-0.7868196,-0.61142707,-0.29908577,-0.36898717,-0.38673648,-0.37834865,0.12524094,-0.3072562,-0.07321416,-0.9112594,-0.30907828,-0.15184641,-0.13489032,-0.49090606,-0.64416116,-0.012969062,-0.13978712,-0.7287211,-0.4362907,-1.1066897,0.3693716,-0.78333735,-0.60869217,0.093605384,-0.820083
ASKL,-0.35832995,-1.1394331,-0.5863807,-0.36286336,-0.27271834,-0.752642,0.0,0.03178781,-0.37107944,-0.9489539,-0.8607938,0.9460208,-0.14845738,-0.69845796,-0.8928306,-0.25223675,-0.6505479,-0.26408654,-0.730304,-0.103273876,-0.15184641,-0.16366504,-0.6998183,-0.21632034,-0.9312882,0.12111906,-0.72600317,-0.43181947,-0.650202,-0.6999541,-0.81845164,1.0804532,-0.5390224,0.48537815
ASKR,-0.35832995,-1.1394331,-0.5863807,-0.36286336,-0.27271834,-0.752642,0.0,0.03178781,-0.37107944,-0.9489539,-0.8607938,0.9460208,-0.14845738,-0.69845796,-0.8928306,-0.25223675,-0.6505479,-0.26408654,-0.730304,-0.103273876,-0.15184641,-0.16366504,-0.6998183,-0.21632034,-0.9312882,0.12111906,-0.72600317,-0.43181947,-0.650202,-0.6999541,-0.81845164,1.0804532,-0.5390224,0.48537815
AUAL,-0.35832995,0.9675969,0.14739183,-0.38226435,0.5295425,-0.5084992,0.0,-0.1444012,-0.37107944,-0.3679725,-0.59272456,-0.5457942,-0.28077528,-0.4464165,-0.39166856,-1.012011,0.8256066,-0.12729467,-0.31531298,-0.26417547,-0.15184641,-0.14716764,-0.47523764,-0.08004509,0.055904888,0.03801561,1.5412775,0.2218791,0.18480842,-0.31677902,-0.5452289,0.7672752,-0.4401024,0.38602456
AUAR,-0.35832995,0.9675969,0.14739183,-0.38226435,0.5295425,-0.5084992,0.0,-0.1444012,-0.37107944,-0.3679725,-0.59272456,-0.5457942,-0.28077528,-0.4464165,-0.39166856,-1.012011,0.8256066,-0.12729467,-0.31531298,-0.26417547,-0.15184641,-0.14716764,-0.47523764,-0.08004509,0.055904888,0.03801561,1.5412775,0.2218791,0.18480842,-0.31677902,-0.5452289,0.7672752,-0.4401024,0.38602456
AVAL,-0.35832995,-0.54635715,-0.5863807,0.5298626,-0.34337452,0.69047916,0.0,-0.8491572,-0.45025334,-0.41007262,-0.54998887,1.760393,-0.21557514,1.7372786,-0.30035958,-0.006986818,-0.5079243,-0.26408654,0.19440395,-0.53467673,-0.15184641,0.4113506,-0.5696266,-0.10769519,-0.35900232,0.28371277,-0.101002134,-0.23584011,0.54460466,0.6328286,-0.62359023,2.2727642,-0.55096924,1.1837337
AVAR,-0.35832995,-0.54635715,-0.5863807,0.5298626,-0.34337452,0.69047916,0.0,-0.8491572,-0.45025334,-0.41007262,-0.54998887,1.760393,-0.21557514,1.7372786,-0.30035958,-0.006986818,-0.5079243,-0.26408654,0.19440395,-0.53467673,-0.15184641,0.4113506,-0.5696266,-0.10769519,-0.35900232,0.28371277,-0.101002134,-0.23584011,0.54460466,0.6328286,-0.62359023,2.2727642,-0.55096924,1.1837337
AVBL,-0.35832995,0.12669587,-0.5863807,0.5101806,-0.21100597,0.81684726,0.0,-0.8491572,-0.0068800813,-0.4648027,0.03277052,-0.10377491,4.7767086,2.7002833,-0.58258736,-0.82782334,-0.6505479,-0.15009332,-0.21156542,-0.90778196,-0.15184641,-0.1911605,-0.32551718,-0.21632034,-0.5199577,-0.017386686,0.63748175,-0.4104568,-0.62943053,-0.38064152,-0.12341136,1.4418129,-0.37415573,0.48537803
AVBR,-0.35832995,0.12669587,-0.5863807,0.5101806,-0.21100597,0.81684726,0.0,-0.8491572,-0.0068800813,-0.4648027,0.03277052,-0.10377491,4.7767086,2.7002833,-0.58258736,-0.82782334,-0.6505479,-0.15009332,-0.21156542,-0.90778196,-0.15184641,-0.1911605,-0.32551718,-0.21632034,-0.5199577,-0.017386686,0.63748175,-0.4104568,-0.62943053,-0.38064152,-0.12341136,1.4418129,-0.37415573,0.48537803
AVDL,-0.35832995,0.48768878,-0.5863807,0.34491298,-0.45785543,-0.5136662,0.0,1.2390088,0.47871915,-0.432526,-0.8607938,-0.15288818,-0.36898717,0.5447769,-0.79471946,1.1675435,0.4428998,-0.061431922,0.5953616,3.8596735,-0.15184641,-0.16671994,-0.3671062,-0.89769644,2.7249825,-0.29439822,0.5855396,-0.09713728,1.6877337,1.0030462,-0.71992105,-0.96725035,-0.5084915,1.3501234
AVDR,-0.35832995,0.48768878,-0.5863807,0.34491298,-0.45785543,-0.5136662,0.0,1.2390088,0.47871915,-0.432526,-0.8607938,-0.15288818,-0.36898717,0.5447769,-0.79471946,1.1675435,0.4428998,-0.061431922,0.5953616,3.8596735,-0.15184641,-0.16671994,-0.3671062,-0.89769644,2.7249825,-0.29439822,0.5855396,-0.09713728,1.6877337,1.0030462,-0.71992105,-0.96725035,-0.5084915,1.3501234
AVEL,-0.35832995,-0.8649324,-0.032590125,-0.40129927,-0.45785543,2.6528523,0.0,-0.8491572,-0.14431381,-0.685868,1.76932,-0.5457942,-0.36898717,-0.39799687,0.50528985,-0.037206296,0.2778511,-0.057608247,0.3169606,0.54944026,-0.15184641,-0.73484653,-0.19133377,-0.48629954,-0.5587625,-0.04351985,1.7459104,-0.6216653,-0.3550912,-0.41076535,-0.54305834,-0.38543892,0.3910743,-0.25508794
AVER,-0.35832995,-0.8649324,-0.032590125,-0.40129927,-0.45785543,2.6528523,0.0,-0.8491572,-0.14431381,-0.685868,1.76932,-0.5457942,-0.36898717,-0.39799687,0.50528985,-0.037206296,0.2778511,-0.057608247,0.3169606,0.54944026,-0.15184641,-0.73484653,-0.19133377,-0.48629954,-0.5587625,-0.04351985,1.7459104,-0.6216653,-0.3550912,-0.41076535,-0.54305834,-0.38543892,0.3910743,-0.25508794
AVHL,-0.35832995,-0.7672236,-0.5863807,0.44133827,0.30658165,-0.026964188,0.0,0.9695679,0.08710676,-0.7990233,-0.51489794,-0.5457942,-0.36898717,-0.3399826,-0.96442515,-0.21881564,1.57162,-0.08758091,1.2944502,0.7531379,-0.15184641,-0.3685514,0.45930764,2.2674053,-0.29438946,-0.29439822,0.8536286,-0.34705785,0.8634298,-0.6999541,0.29716912,0.27613696,0.14703551,1.0462456
AVHR,-0.35832995,-0.7672236,-0.5863807,0.44133827,0.30658165,-0.026964188,0.0,0.9695679,0.08710676,-0.7990233,-0.51489794,-0.5457942,-0.36898717,-0.3399826,-0.96442515,-0.21881564,1.57162,-0.08758091,1.2944502,0.7531379,-0.15184641,-0.3685514,0.45930764,2.2674053,-0.29438946,-0.29439822,0.8536286,-0.34705785,0.8634298,-0.6999541,0.29716912,0.27613696,0.14703551,1.0462456
AVJL,-0.35832995,-0.8834772,-0.5863807,-0.23814282,-0.45785543,-0.92702967,0.0,1.1644315,2.5945442,-0.2849751,-0.8607938,0.21195313,-0.36898717,-0.81302226,0.017443366,-0.4989167,-0.6505479,-0.26408654,2.6044447,-0.90778196,-0.15184641,-0.9767482,1.2251589,0.6597347,-0.9312882,-0.29439822,3.1974943,0.16328415,0.5693759,-0.6999541,-0.5616633,0.13403563,0.049787056,1.8337495
AVJR,-0.35832995,-0.8834772,-0.5863807,-0.23814282,-0.45785543,-0.92702967,0.0,1.1644315,2.5945442,-0.2849751,-0.8607938,0.21195313,-0.36898717,-0.81302226,0.017443366,-0.4989167,-0.6505479,-0.26408654,2.6044447,-0.90778196,-0.15184641,-0.9767482,1.2251589,0.6597347,-0.9312882,-0.29439822,3.1974943,0.16328415,0.5693759,-0.6999541,-0.5616633,0.13403563,0.049787056,1.8337495
AVKL,1.9182816,-0.023946686,-0.5863807,-0.3868293,-0.41138968,-0.73007417,0.0,-0.8491572,-0.33251712,-0.7849121,0.14840825,-0.2961833,-0.3274757,-0.6405019,-0.80270565,-0.24817377,-0.6505479,-0.26408654,-0.51670575,-0.60490835,-0.15184641,4.3556395,-0.59413326,-0.6411784,-0.46672672,0.01846186,-0.37264284,-0.5260666,-0.77116483,0.7425873,2.3578684,-0.33239138,-0.45561928,0.9587692
AVKR,1.9182816,-0.023946686,-0.5863807,-0.3868293,-0.41138968,-0.73007417,0.0,-0.8491572,-0.33251712,-0.7849121,0.14840825,-0.2961833,-0.3274757,-0.6405019,-0.80270565,-0.24817377,-0.6505479,-0.26408654,-0.51670575,-0.60490835,-0.15184641,4.3556395,-0.59413326,-0.6411784,-0.46672672,0.01846186,-0.37264284,-0.5260666,-0.77116483,0.7425873,2.3578684,-0.33239138,-0.45561928,0.9587692
AVL,-0.35832995,-0.9490019,0.25221646,-0.3711781,-0.11931901,1.3051327,0.0,-0.8491572,-0.7144674,-0.8161582,0.3646658,-0.24269526,-0.36898717,-0.81302226,-0.44076198,0.2904592,1.8800026,0.048580587,-0.300492,-0.1722317,-0.15184641,-0.9767482,-0.18649107,-0.89769644,-0.9312882,-0.29439822,-0.008086582,-0.18828477,-1.1398134,2.8033607,0.16145241,-0.3064788,-0.703889,1.0389202
AWAL,-0.35832995,-0.6566608,-0.5863807,-0.35753343,-0.32764912,-0.92702967,0.0,-0.53937435,-0.35907283,-0.89787865,-0.15379785,-0.5457942,-0.2526638,-0.41015878,-0.36019838,-0.31675303,0.43088388,-0.26408654,-0.83861214,-0.059070088,-0.15184641,0.29952955,-0.10751762,0.060722716,0.15353936,-0.29439822,-0.83003044,-0.6931016,-0.74538517,-0.36309686,-0.8397848,-0.45896453,0.16573721,0.04319973
AWAR,-0.35832995,-0.6566608,-0.5863807,-0.35753343,-0.32764912,-0.92702967,0.0,-0.53937435,-0.35907283,-0.89787865,-0.15379785,-0.5457942,-0.2526638,-0.41015878,-0.36019838,-0.31675303,0.43088388,-0.26408654,-0.83861214,-0.059070088,-0.15184641,0.29952955,-0.10751762,0.060722716,0.15353936,-0.29439822,-0.83003044,-0.6931016,-0.74538517,-0.36309686,-0.8397848,-0.45896453,0.16573721,0.04319973
AWBL,-0.35832995,-0.6575298,-0.5863807,-0.03170881,-0.32166263,0.32375094,0.0,-0.3631186,-0.63481003,-0.22773556,-0.6759184,-0.36288968,-0.36898717,0.3247197,-0.17441612,-0.7166756,1.7248728,-0.16974732,-0.6766414,-0.90778196,-0.15184641,-0.91173416,0.84901386,0.4180643,0.08994597,-0.29439822,-0.044932388,-0.018561948,-0.815657,-0.4356954,1.0931156,-0.96725035,-0.06716268,0.50250804
AWBR,-0.35832995,-0.6575298,-0.5863807,-0.03170881,-0.32166263,0.32375094,0.0,-0.3631186,-0.63481003,-0.22773556,-0.6759184,-0.36288968,-0.36898717,0.3247197,-0.17441612,-0.7166756,1.7248728,-0.16974732,-0.6766414,-0.90778196,-0.15184641,-0.91173416,0.84901386,0.4180643,0.08994597,-0.29439822,-0.044932388,-0.018561948,-0.815657,-0.4356954,1.0931156,-0.96725035,-0.06716268,0.50250804
AWCL,-0.35832995,-0.3033101,0.025096409,-0.45986825,0.5295426,-0.92702967,0.0,-0.26186052,-0.59870404,-0.70687836,-0.6374027,1.1117779,-0.33223224,-0.58389366,-0.39166856,-0.82782334,-0.34301576,-0.26408654,-0.5141629,-0.3714432,-0.15184641,-0.1911605,-0.32551718,-0.4434457,-0.9312882,-0.15589245,-0.9987001,0.3158745,-0.75405896,-0.5402978,-0.6506833,-0.08392736,0.2303552,-0.09418503
AWCR,-0.35832995,-0.3033101,0.025096409,-0.45986825,0.5295426,-0.92702967,0.0,-0.26186052,-0.59870404,-0.70687836,-0.6374027,1.1117779,-0.33223224,-0.58389366,-0.39166856,-0.82782334,-0.34301576,-0.26408654,-0.5141629,-0.3714432,-0.15184641,-0.1911605,-0.32551718,-0.4434457,-0.9312882,-0.15589245,-0.9987001,0.3158745,-0.75405896,-0.5402978,-0.6506833,-0.08392736,0.2303552,-0.09418503
BAGL,-0.35832995,1.2133145,-0.5863807,-0.326833,-0.34500998,-0.7675895,0.0,-0.04372176,0.034742698,-0.0857815,-0.24806401,-0.09114579,-0.26817358,-0.07981073,-0.37530407,-0.3410415,0.8958996,-0.26408654,-0.65619844,-0.1722317,-0.15184641,-1.1275811,-0.6998183,-0.4304671,-0.64923304,0.27545407,-0.3286447,-0.3054744,0.113592,-0.6999541,-0.36444995,-0.96725035,-0.4777862,-0.43719172
BAGR,-0.35832995,1.2133145,-0.5863807,-0.326833,-0.34500998,-0.7675895,0.0,-0.04372176,0.034742698,-0.0857815,-0.24806401,-0.09114579,-0.26817358,-0.07981073,-0.37530407,-0.3410415,0.8958996,-0.26408654,-0.65619844,-0.1722317,-0.15184641,-1.1275811,-0.6998183,-0.4304671,-0.64923304,0.27545407,-0.3286447,-0.3054744,0.113592,-0.6999541,-0.36444995,-0.96725035,-0.4777862,-0.43719172
CANR,-0.35832995,-0.869939,-0.5863807,-0.15201807,-0.26200792,0.45654207,0.0,0.082751535,0.089437015,-0.71848196,1.0888013,-0.19510123,-0.33982623,-0.81302226,-0.81295234,-0.37496522,-0.24389383,-0.17364565,-0.768888,1.0070801,-0.15184641,-1.1637312,-0.5513352,-0.08680263,-0.27859858,-0.18450935,3.3741097,-0.33065566,-0.7866753,1.7067652,-0.58611137,3.36508,-0.093473785,-0.3480433
CEPDL,-0.35832995,-0.12476956,0.95840365,-0.29649162,3.3877995,0.5414983,0.0,-0.107308775,-0.083553724,-0.7043302,0.267919,-0.26662412,-0.27613252,-0.6200719,0.12079789,-1.2882925,-0.13259901,-0.26408654,-0.703002,-0.90778196,-0.15184641,-1.0362875,-0.22701691,-0.6108012,0.6274376,-0.29439822,0.10438984,-0.14510958,0.07461032,-0.6999541,-0.8903523,-0.5615134,-0.28738385,-0.37743017
CEPDR,-0.35832995,-0.12476956,0.95840365,-0.29649162,3.3877995,0.5414983,0.0,-0.107308775,-0.083553724,-0.7043302,0.267919,-0.26662412,-0.27613252,-0.6200719,0.12079789,-1.2882925,-0.13259901,-0.26408654,-0.703002,-0.90778196,-0.15184641,-1.0362875,-0.22701691,-0.6108012,0.6274376,-0.29439822,0.10438984,-0.14510958,0.07461032,-0.6999541,-0.8903523,-0.5615134,-0.28738385,-0.37743017
CEPVL,-0.35832995,-0.12476956,0.95840365,-0.29649162,3.3877995,0.5414983,0.0,-0.107308775,-0.083553724,-0.7043302,0.267919,-0.26662412,-0.27613252,-0.6200719,0.12079789,-1.2882925,-0.13259901,-0.26408654,-0.703002,-0.90778196,-0.15184641,-1.0362875,-0.22701691,-0.6108012,0.6274376,-0.29439822,0.10438984,-0.14510958,0.07461032,-0.6999541,-0.8903523,-0.5615134,-0.28738385,-0.37743017
CEPVR,-0.35832995,-0.12476956,0.95840365,-0.29649162,3.3877995,0.5414983,0.0,-0.107308775,-0.083553724,-0.7043302,0.267919,-0.26662412,-0.27613252,-0.6200719,0.12079789,-1.2882925,-0.13259901,-0.26408654,-0.703002,-0.90778196,-0.15184641,-1.0362875,-0.22701691,-0.6108012,0.6274376,-0.29439822,0.10438984,-0.14510958,0.07461032,-0.6999541,-0.8903523,-0.5615134,-0.28738385,-0.37743017
DVA,-0.35832995,-0.66069305,0.5876553,0.5334615,-0.29987177,-0.48059717,0.0,-0.8491572,-0.41478348,-0.57712585,-0.8607938,-0.5457942,-0.086709045,-0.22645307,-0.41457886,0.4799093,-0.6505479,-0.26408654,-0.5850572,-0.90778196,-0.15184641,2.4924068,-0.6998183,-0.46161574,-0.14153375,10.874706,-0.4782385,0.3039115,0.364273,2.9785264,2.7909646,0.26618987,-0.703889,0.26680002
DVC,-0.35832995,-1.076197,-0.5863807,0.45311883,-0.45785543,-0.5987705,0.0,-0.8491572,-0.17826799,-0.9489539,-0.5454182,-0.5457942,-0.36898717,-0.5973718,-0.96442515,-0.3131812,-0.6505479,-0.26408654,-0.51670575,-0.90778196,-0.15184641,-0.17822145,-0.43560576,-0.5770489,-0.35058638,0.87882704,2.8832216,-0.8879758,-1.0057594,0.20163427,2.0871832,-0.5137797,-0.2383832,4.6056347
FLPL,-0.35832995,-0.5558534,-0.5863807,-0.016417382,-0.45785543,-0.92702967,0.0,-0.8491572,-1.4636774,-0.2849751,-0.8607938,-0.5457942,0.13508096,1.281868,-0.96442515,-1.2882925,-0.6505479,-0.26408654,-1.2490426,-0.90778196,-0.15184641,2.0399084,-0.6998183,-0.89769644,-0.9312882,-0.29439822,2.1289673,0.16328415,-0.5700837,-0.6999541,-0.23297434,-0.96725035,-0.703889,0.13054362
FLPR,-0.35832995,-0.5558534,-0.5863807,-0.016417382,-0.45785543,-0.92702967,0.0,-0.8491572,-1.4636774,-0.2849751,-0.8607938,-0.5457942,0.13508096,1.281868,-0.96442515,-1.2882925,-0.6505479,-0.26408654,-1.2490426,-0.90778196,-0.15184641,2.0399084,-0.6998183,-0.89769644,-0.9312882,-0.29439822,2.1289673,0.16328415,-0.5700837,-0.6999541,-0.23297434,-0.96725035,-0.703889,0.13054362
IL1DL,-0.35832995,-0.33743766,-0.5863807,-0.23814282,-0.08170385,-0.79416287,0.0,1.1644315,-0.42310792,-0.7276277,-0.09488152,-0.29321173,-0.11695311,-0.11472557,1.4356978,-0.4989167,0.5210032,-0.26408654,0.13426046,0.31813514,0.39071542,0.7829681,-0.6998183,-0.63812464,-0.4611962,0.338771,-0.36426225,0.16328415,1.2340614,-0.6999541,-0.8903523,-0.96725035,-0.57827634,-0.6264369
IL1DR,-0.35832995,-0.33743766,-0.5863807,-0.23814282,-0.08170385,-0.79416287,0.0,1.1644315,-0.42310792,-0.7276277,-0.09488152,-0.29321173,-0.11695311,-0.11472557,1.4356978,-0.4989167,0.5210032,-0.26408654,0.13426046,0.31813514,0.39071542,0.7829681,-0.6998183,-0.63812464,-0.4611962,0.338771,-0.36426225,0.16328415,1.2340614,-0.6999541,-0.8903523,-0.96725035,-0.57827634,-0.6264369
IL1L,-0.35832995,-0.33743766,-0.5863807,-0.23814282,-0.08170385,-0.79416287,0.0,1.1644315,-0.42310792,-0.7276277,-0.09488152,-0.29321173,-0.11695311,-0.11472557,1.4356978,-0.4989167,0.5210032,-0.26408654,0.13426046,0.31813514,0.39071542,0.7829681,-0.6998183,-0.63812464,-0.4611962,0.338771,-0.36426225,0.16328415,1.2340614,-0.6999541,-0.8903523,-0.96725035,-0.57827634,-0.6264369
IL1R,-0.35832995,-0.33743766,-0.5863807,-0.23814282,-0.08170385,-0.79416287,0.0,1.1644315,-0.42310792,-0.7276277,-0.09488152,-0.29321173,-0.11695311,-0.11472557,1.4356978,-0.4989167,0.5210032,-0.26408654,0.13426046,0.31813514,0.39071542,0.7829681,-0.6998183,-0.63812464,-0.4611962,0.338771,-0.36426225,0.16328415,1.2340614,-0.6999541,-0.8903523,-0.96725035,-0.57827634,-0.6264369
IL1VL,-0.35832995,-0.33743766,-0.5863807,-0.23814282,-0.08170385,-0.79416287,0.0,1.1644315,-0.42310792,-0.7276277,-0.09488152,-0.29321173,-0.11695311,-0.11472557,1.4356978,-0.4989167,0.5210032,-0.26408654,0.13426046,0.31813514,0.39071542,0.7829681,-0.6998183,-0.63812464,-0.4611962,0.338771,-0.36426225,0.16328415,1.2340614,-0.6999541,-0.8903523,-0.96725035,-0.57827634,-0.6264369
IL1VR,-0.35832995,-0.33743766,-0.5863807,-0.23814282,-0.08170385,-0.79416287,0.0,1.1644315,-0.42310792,-0.7276277,-0.09488152,-0.29321173,-0.11695311,-0.11472557,1.4356978,-0.4989167,0.5210032,-0.26408654,0.13426046,0.31813514,0.39071542,0.7829681,-0.6998183,-0.63812464,-0.4611962,0.338771,-0.36426225,0.16328415,1.2340614,-0.6999541,-0.8903523,-0.96725035,-0.57827634,-0.6264369
IL2DL,-0.35832995,-0.5431302,-0.5863807,-0.45986825,-0.38116437,-0.81867224,0.0,2.435143,-0.31804073,-0.54283094,-0.6525847,-0.33980462,-0.12918779,-0.02998073,-0.4750797,-0.9664112,-0.45946,-0.26408654,-0.5238158,0.3419394,-0.15184641,0.6780189,-0.002091905,0.16075201,0.79390377,0.092880026,-0.4956668,-0.2918212,-0.7028364,-0.5511482,-0.7116477,-0.5181823,-0.5502269,-0.07891211
IL2DR,-0.35832995,-0.5431302,-0.5863807,-0.45986825,-0.38116437,-0.81867224,0.0,2.435143,-0.31804073,-0.54283094,-0.6525847,-0.33980462,-0.12918779,-0.02998073,-0.4750797,-0.9664112,-0.45946,-0.26408654,-0.5238158,0.3419394,-0.15184641,0.6780189,-0.002091905,0.16075201,0.79390377,0.092880026,-0.4956668,-0.2918212,-0.7028364,-0.5511482,-0.7116477,-0.5181823,-0.5502269,-0.07891211
IL2L,-0.35832995,-0.5431302,-0.5863807,-0.45986825,-0.38116437,-0.81867224,0.0,2.435143,-0.31804073,-0.54283094,-0.6525847,-0.33980462,-0.12918779,-0.02998073,-0.4750797,-0.9664112,-0.45946,-0.26408654,-0.5238158,0.3419394,-0.15184641,0.6780189,-0.002091905,0.16075201,0.79390377,0.092880026,-0.4956668,-0.2918212,-0.7028364,-0.5511482,-0.7116477,-0.5181823,-0.5502269,-0.07891211
IL2R,-0.35832995,-0.5431302,-0.5863807,-0.45986825,-0.38116437,-0.81867224,0.0,2.435143,-0.31804073,-0.54283094,-0.6525847,-0.33980462,-0.12918779,-0.02998073,-0.4750797,-0.9664112,-0.45946,-0.26408654,-0.5238158,0.3419394,-0.15184641,0.6780189,-0.002091905,0.16075201,0.79390377,0.092880026,-0.4956668,-0.2918212,-0.7028364,-0.5511482,-0.7116477,-0.5181823,-0.5502269,-0.07891211
IL2VL,-0.35832995,-0.5431302,-0.5863807,-0.45986825,-0.38116437,-0.81867224,0.0,2.435143,-0.31804073,-0.54283094,-0.6525847,-0.33980462,-0.12918779,-0.02998073,-0.4750797,-0.9664112,-0.45946,-0.26408654,-0.5238158,0.3419394,-0.15184641,0.6780189,-0.002091905,0.16075201,0.79390377,0.092880026,-0.4956668,-0.2918212,-0.7028364,-0.5511482,-0.7116477,-0.5181823,-0.5502269,-0.07891211
IL2VR,-0.35832995,-0.5431302,-0.5863807,-0.45986825,-0.38116437,-0.81867224,0.0,2.435143,-0.31804073,-0.54283094,-0.6525847,-0.33980462,-0.12918779,-0.02998073,-0.4750797,-0.9664112,-0.45946,-0.26408654,-0.5238158,0.3419394,-0.15184641,0.6780189,-0.002091905,0.16075201,0.79390377,0.092880026,-0.4956668,-0.2918212,-0.7028364,-0.5511482,-0.7116477,-0.5181823,-0.5502269,-0.07891211
OLLL,-0.35832995,-0.57844824,-0.5863807,-0.35282838,0.6316871,-0.92702967,0.0,3.039152,-0.25805208,0.17294124,-0.49104306,-0.5457942,-0.36898717,1.9681247,0.2995894,-0.9072146,-0.6505479,-0.26408654,-0.6766414,1.7554171,-0.15184641,-1.002754,-0.6998183,3.2375515,1.1111801,-0.29439822,1.5025892,0.8300527,-0.19681264,2.4711497,-0.57299745,-0.96725035,-0.703889,-0.7308479
OLLR,-0.35832995,-0.57844824,-0.5863807,-0.35282838,0.6316871,-0.92702967,0.0,3.039152,-0.25805208,0.17294124,-0.49104306,-0.5457942,-0.36898717,1.9681247,0.2995894,-0.9072146,-0.6505479,-0.26408654,-0.6766414,1.7554171,-0.15184641,-1.002754,-0.6998183,3.2375515,1.1111801,-0.29439822,1.5025892,0.8300527,-0.19681264,2.4711497,-0.57299745,-0.96725035,-0.703889,-0.7308479
OLQDL,-0.35832995,-0.5206252,-0.27077964,-0.15946607,4.128766,-0.6870122,0.0,0.060205363,0.18109345,0.1505378,0.2921924,-0.3176552,-0.36898717,0.21189708,0.36584818,1.2071537,-0.43891287,0.5596065,-0.356589,0.47631797,-0.15184641,-0.14149114,-0.5066306,-0.6632444,0.34250927,-0.29439822,-0.5136263,0.5350144,-0.20864227,0.28888473,-0.3460717,-0.22121792,-0.023149386,-0.4921339
OLQDR,-0.35832995,-0.5206252,-0.27077964,-0.15946607,4.128766,-0.6870122,0.0,0.060205363,0.18109345,0.1505378,0.2921924,-0.3176552,-0.36898717,0.21189708,0.36584818,1.2071537,-0.43891287,0.5596065,-0.356589,0.47631797,-0.15184641,-0.14149114,-0.5066306,-0.6632444,0.34250927,-0.29439822,-0.5136263,0.5350144,-0.20864227,0.28888473,-0.3460717,-0.22121792,-0.023149386,-0.4921339
OLQVL,-0.35832995,-0.5206252,-0.27077964,-0.15946607,4.128766,-0.6870122,0.0,0.060205363,0.18109345,0.1505378,0.2921924,-0.3176552,-0.36898717,0.21189708,0.36584818,1.2071537,-0.43891287,0.5596065,-0.356589,0.47631797,-0.15184641,-0.14149114,-0.5066306,-0.6632444,0.34250927,-0.29439822,-0.5136263,0.5350144,-0.20864227,0.28888473,-0.3460717,-0.22121792,-0.023149386,-0.4921339
OLQVR,-0.35832995,-0.5206252,-0.27077964,-0.15946607,4.128766,-0.6870122,0.0,0.060205363,0.18109345,0.1505378,0.2921924,-0.3176552,-0.36898717,0.21189708,0.36584818,1.2071537,-0.43891287,0.5596065,-0.356589,0.47631797,-0.15184641,-0.14149114,-0.5066306,-0.6632444,0.34250927,-0.29439822,-0.5136263,0.5350144,-0.20864227,0.28888473,-0.3460717,-0.22121792,-0.023149386,-0.4921339
PVPL,-0.35832995,-0.7366114,-0.5863807,-0.35282838,-0.32166263,-0.92702967,0.0,-0.8491572,0.19405742,-0.6284125,-0.8607938,-0.5457942,-0.36898717,-0.81302226,-0.49041972,-0.5261366,-0.6505479,-0.26408654,0.4681611,-0.020048905,-0.15184641,-0.456635,-0.6998183,1.3578935,2.4728258,-0.29439822,-0.56077296,-0.5843049,-1.1594594,1.4141152,-0.57299745,-0.7014227,-0.5219672,-0.45676884
PVPR,-0.35832995,-0.7366114,-0.5863807,-0.35282838,-0.32166263,-0.92702967,0.0,-0.8491572,0.19405742,-0.6284125,-0.8607938,-0.5457942,-0.36898717,-0.81302226,-0.49041972,-0.5261366,-0.6505479,-0.26408654,0.4681611,-0.020048905,-0.15184641,-0.456635,-0.6998183,1.3578935,2.4728258,-0.29439822,-0.56077296,-0.5843049,-1.1594594,1.4141152,-0.57299745,-0.7014227,-0.5219672,-0.45676884
PVR,-0.35832995,-1.2111009,-0.5863807,-0.45986825,-0.45785543,-0.92702967,0.0,-0.8491572,-1.4636774,-0.9489539,-0.8607938,-0.5457942,-0.36898717,-0.81302226,-0.96442515,-1.2882925,-0.6505479,-0.26408654,0.13426046,-0.90778196,11.241952,0.028803984,-0.6998183,-0.89769644,2.3593554,-0.29439822,-1.0766135,-1.0086122,-0.38017377,-0.6999541,-0.8903523,-0.96725035,-0.703889,-1.004927
PVT,-0.35832995,0.012027679,-0.5863807,7.19705,-0.45785543,-0.92702967,0.0,-0.8491572,0.5758389,-0.9489539,1.9986122,-0.5457942,-0.36898717,-0.81302226,-0.658955,1.6587106,0.0055207335,0.10069179,0.6875818,0.808502,-0.15184641,1.4365771,1.6957089,-0.89769644,0.3849693,0.5920387,2.4139078,0.63204277,-0.114299774,6.4526467,0.33675325,0.06061657,-0.0004580083,0.58473194
RIAL,-0.35832995,2.166401,0.21409841,-0.31877023,-0.3860447,0.7978233,0.0,-0.3366074,0.3639411,1.3327184,-0.2759154,3.50471,0.36878535,-0.14646637,1.243291,2.8308141,-0.56108403,-0.065116554,0.5995531,-0.90778196,-0.15184641,-0.62709016,-0.29148984,-0.40215018,-0.21332961,-0.29439822,0.69131315,-0.4120104,1.9885194,-0.14260857,-0.4301878,0.43438646,-0.56000537,0.0789313
RIAR,-0.35832995,2.166401,0.21409841,-0.31877023,-0.3860447,0.7978233,0.0,-0.3366074,0.3639411,1.3327184,-0.2759154,3.50471,0.36878535,-0.14646637,1.243291,2.8308141,-0.56108403,-0.065116554,0.5995531,-0.90778196,-0.15184641,-0.62709016,-0.29148984,-0.40215018,-0.21332961,-0.29439822,0.69131315,-0.4120104,1.9885194,-0.14260857,-0.4301878,0.43438646,-0.56000537,0.0789313
RIBL,-0.35832995,-0.61283153,3.2419977,0.07998496,-0.45785543,1.9844866,0.0,-0.8491572,-0.3235752,-0.54479295,-0.39458635,-0.5457942,5.9209056,-0.81302226,-0.36676612,2.5556245,0.6330646,-0.26408654,-1.2490426,0.21153365,-0.15184641,-0.58327127,-0.6998183,3.3683105,-0.07285942,-0.29439822,-0.42620584,-0.47361606,-0.32237524,-0.6999541,-0.8903523,-0.2969024,0.44300935,-0.659349
RIBR,-0.35832995,-0.61283153,3.2419977,0.07998496,-0.45785543,1.9844866,0.0,-0.8491572,-0.3235752,-0.54479295,-0.39458635,-0.5457942,5.9209056,-0.81302226,-0.36676612,2.5556245,0.6330646,-0.26408654,-1.2490426,0.21153365,-0.15184641,-0.58327127,-0.6998183,3.3683105,-0.07285942,-0.29439822,-0.42620584,-0.47361606,-0.32237524,-0.6999541,-0.8903523,-0.2969024,0.44300935,-0.659349
RICL,-0.35832995,0.062991366,-0.5863807,0.057491086,0.20040986,0.0030380508,0.0,-0.8491572,0.478719,0.342116,-0.8607938,-0.5457942,0.8071718,-0.81302226,0.81748426,2.3954613,0.4428998,-0.26408654,-0.09629004,0.5224546,-0.15184641,-0.26448205,0.7973861,1.5249742,2.3593554,-0.29439822,-0.66107535,0.8143376,0.5060726,-0.6999541,1.4104706,0.7458611,-0.4107928,-1.004927
RICR,-0.35832995,0.062991366,-0.5863807,0.057491086,0.20040986,0.0030380508,0.0,-0.8491572,0.478719,0.342116,-0.8607938,-0.5457942,0.8071718,-0.81302226,0.81748426,2.3954613,0.4428998,-0.26408654,-0.09629004,0.5224546,-0.15184641,-0.26448205,0.7973861,1.5249742,2.3593554,-0.29439822,-0.66107535,0.8143376,0.5060726,-0.6999541,1.4104706,0.7458611,-0.4107928,-1.004927
RID,-0.35832995,0.3178098,1.0442249,-0.45986825,-0.45785543,-0.92702967,0.0,2.2830918,-0.97807837,0.342116,0.33062527,-0.5457942,-0.36898717,-0.81302226,-0.7098667,0.55358446,-0.6505479,-0.26408654,-0.3268406,-0.90778196,-0.15184641,-0.26448205,1.2964542,0.31363887,1.2624742,-0.29439822,-0.24553704,5.1438437,0.5060726,1.0030462,0.38788265,1.6024169,4.2787476,0.31978872
RIH,-0.35832995,-1.2111009,3.929143,7.6586943,-0.45785543,1.6485425,0.0,-0.8491572,2.2343466,0.48115426,-0.035965193,-0.5457942,-0.36898717,5.9550843,1.1503685,1.2619988,-0.6505479,10.679263,-0.29137123,1.0725456,-0.15184641,1.9238832,0.6822166,-0.89769644,-0.9312882,-0.29439822,1.2248291,0.25343,-0.48243296,-0.6999541,-0.18240681,0.8117501,0.107762136,6.9433675
RIML,-0.35832995,0.050250407,-0.5863807,-0.45986825,-0.45785543,1.5841535,0.0,-0.1444012,-0.48033923,-0.13557987,1.2837607,-0.015371069,-0.19256334,-0.2631136,-0.50621986,0.6456782,0.08752931,-0.26408654,0.6184167,-0.26417547,-0.15184641,1.700534,-0.47523764,-0.08004509,-0.43769163,-0.29439822,2.1022544,-0.085743815,-0.41340798,0.4495711,1.5255119,0.9600003,0.2193641,-0.40880495
RIMR,-0.35832995,0.050250407,-0.5863807,-0.45986825,-0.45785543,1.5841535,0.0,-0.1444012,-0.48033923,-0.13557987,1.2837607,-0.015371069,-0.19256334,-0.2631136,-0.50621986,0.6456782,0.08752931,-0.26408654,0.6184167,-0.26417547,-0.15184641,1.700534,-0.47523764,-0.08004509,-0.43769163,-0.29439822,2.1022544,-0.085743815,-0.41340798,0.4495711,1.5255119,0.9600003,0.2193641,-0.40880495
RIS,-0.35832995,0.65225893,-0.5863807,-0.07184876,-0.087581225,-0.752642,0.0,-0.8491572,0.17521954,-0.51321787,0.14446603,0.11723469,-0.25872228,-0.81302226,-0.39166856,-0.25223675,-0.34301576,0.24888296,0.3071733,-0.103273876,-0.15184641,-0.9060454,-0.41909248,0.46505576,-0.31429252,-0.29439822,-0.8428733,-0.49590755,0.2845109,0.73695236,-0.17134519,-0.0036251645,-0.5390224,-0.25977445
RIVL,-0.35832995,3.285695,-0.5863807,-0.09467341,-0.22552651,2.9026608,0.0,-0.8491572,0.5929776,-0.4932822,5.4467196,-0.12977605,-0.29980138,-0.23795438,0.02386074,0.66193014,-0.6505479,0.16506442,-0.27259344,0.10179684,0.29496923,0.33934215,1.0615987,-0.6839314,-0.9312882,-0.29439822,-0.7832925,0.3586002,-0.77116483,0.50216377,3.801522,-0.96725035,1.3650256,-0.0698336
RIVR,-0.35832995,3.285695,-0.5863807,-0.09467341,-0.22552651,2.9026608,0.0,-0.8491572,0.5929776,-0.4932822,5.4467196,-0.12977605,-0.29980138,-0.23795438,0.02386074,0.66193014,-0.6505479,0.16506442,-0.27259344,0.10179684,0.29496923,0.33934215,1.0615987,-0.6839314,-0.9312882,-0.29439822,-0.7832925,0.3586002,-0.77116483,0.50216377,3.801522,-0.96725035,1.3650256,-0.0698336
RMDDL,-0.35832995,1.0539514,1.2254034,0.11497547,-0.40909505,0.79531753,0.0,1.2390088,0.91036224,2.493898,1.1249044,-0.4148255,0.7636103,1.2689365,0.6194942,0.34893143,0.19991142,-0.26408654,0.54412794,-0.27212125,-0.15184641,-0.62294286,-0.14529815,-0.3593252,-0.44378543,0.19806671,-0.06085333,-0.29968727,1.3923177,0.43537942,0.47309813,0.745861,1.1849531,0.66323346
RMDDR,-0.35832995,1.0539514,1.2254034,0.11497547,-0.40909505,0.79531753,0.0,1.2390088,0.91036224,2.493898,1.1249044,-0.4148255,0.7636103,1.2689365,0.6194942,0.34893143,0.19991142,-0.26408654,0.54412794,-0.27212125,-0.15184641,-0.62294286,-0.14529815,-0.3593252,-0.44378543,0.19806671,-0.06085333,-0.29968727,1.3923177,0.43537942,0.47309813,0.745861,1.1849531,0.66323346
RMDL,-0.35832995,1.0539514,1.2254034,0.11497547,-0.40909505,0.79531753,0.0,1.2390088,0.91036224,2.493898,1.1249044,-0.4148255,0.7636103,1.2689365,0.6194942,0.34893143,0.19991142,-0.26408654,0.54412794,-0.27212125,-0.15184641,-0.62294286,-0.14529815,-0.3593252,-0.44378543,0.19806671,-0.06085333,-0.29968727,1.3923177,0.43537942,0.47309813,0.745861,1.1849531,0.66323346
RMDR,-0.35832995,1.0539514,1.2254034,0.11497547,-0.40909505,0.79531753,0.0,1.2390088,0.91036224,2.493898,1.1249044,-0.4148255,0.7636103,1.2689365,0.6194942,0.34893143,0.19991142,-0.26408654,0.54412794,-0.27212125,-0.15184641,-0.62294286,-0.14529815,-0.3593252,-0.44378543,0.19806671,-0.06085333,-0.29968727,1.3923177,0.43537942,0.47309813,0.745861,1.1849531,0.66323346
RMDVL,-0.35832995,1.0539514,1.2254034,0.11497547,-0.40909505,0.79531753,0.0,1.2390088,0.91036224,2.493898,1.1249044,-0.4148255,0.7636103,1.2689365,0.6194942,0.34893143,0.19991142,-0.26408654,0.54412794,-0.27212125,-0.15184641,-0.62294286,-0.14529815,-0.3593252,-0.44378543,0.19806671,-0.06085333,-0.29968727,1.3923177,0.43537942,0.47309813,0.745861,1.1849531,0.66323346
RMDVR,-0.35832995,1.0539514,1.2254034,0.11497547,-0.40909505,0.79531753,0.0,1.2390088,0.91036224,2.493898,1.1249044,-0.4148255,0.7636103,1.2689365,0.6194942,0.34893143,0.19991142,-0.26408654,0.54412794,-0.27212125,-0.15184641,-0.62294286,-0.14529815,-0.3593252,-0.44378543,0.19806671,-0.06085333,-0.29968727,1.3923177,0.43537942,0.47309813,0.745861,1.1849531,0.66323346
RMED,-0.35832995,-0.70146406,-0.5863807,-0.45986825,-0.45785543,-0.92702967,0.0,-0.8491572,6.7915087,1.6331859,-0.8607938,0.63292384,-0.36898717,-0.81302226,7.181446,1.1675434,9.190482,-0.26408654,6.589675,-0.90778196,-0.15184641,0.028803984,-0.6998183,0.31363887,-0.9312882,-0.29439822,-1.0766135,7.650399,4.0510583,-0.6999541,0.6435296,-0.96725035,-0.703889,-0.121783234
RMEL,-0.35832995,1.8752977,0.51084924,0.5555098,-0.16255891,0.01173011,0.0,-0.32223687,-0.15664425,-0.60145104,0.7426112,-0.34750518,-0.33601078,-0.74449784,1.3908358,-0.15218163,-0.55857575,1.2700279,0.8065204,0.054620203,0.061121788,-1.237534,0.13973545,-0.3882564,0.17584418,-0.045864522,0.4612664,-0.011952707,-0.44229376,0.01626092,-0.07323769,0.7618716,-0.16152406,-0.85636085
RMER,-0.35832995,1.8752977,0.51084924,0.5555098,-0.16255891,0.01173011,0.0,-0.32223687,-0.15664425,-0.60145104,0.7426112,-0.34750518,-0.33601078,-0.74449784,1.3908358,-0.15218163,-0.55857575,1.2700279,0.8065204,0.054620203,0.061121788,-1.237534,0.13973545,-0.3882564,0.17584418,-0.045864522,0.4612664,-0.011952707,-0.44229376,0.01626092,-0.07323769,0.7618716,-0.16152406,-0.85636085
SIADL,3.2252252,0.14793094,0.50068974,-0.05747767,-0.45785543,0.003038134,0.0,-0.8491572,-0.7352787,1.3749715,-0.26508427,-0.34934115,-0.107618526,-0.5414624,-0.45530814,0.14427856,-0.10382407,-0.26408654,0.2879606,0.5224546,-0.15184641,-0.362244,0.7973863,-0.6958073,-0.56566113,-0.04816575,-0.93810076,1.8017684,-0.749443,1.5707132,0.558314,0.17482395,1.8362783,0.61417
SIADR,3.2252252,0.14793094,0.50068974,-0.05747767,-0.45785543,0.003038134,0.0,-0.8491572,-0.7352787,1.3749715,-0.26508427,-0.34934115,-0.107618526,-0.5414624,-0.45530814,0.14427856,-0.10382407,-0.26408654,0.2879606,0.5224546,-0.15184641,-0.362244,0.7973863,-0.6958073,-0.56566113,-0.04816575,-0.93810076,1.8017684,-0.749443,1.5707132,0.558314,0.17482395,1.8362783,0.61417
SIAVL,3.2252252,0.14793094,0.50068974,-0.05747767,-0.45785543,0.003038134,0.0,-0.8491572,-0.7352787,1.3749715,-0.26508427,-0.34934115,-0.107618526,-0.5414624,-0.45530814,0.14427856,-0.10382407,-0.26408654,0.2879606,0.5224546,-0.15184641,-0.362244,0.7973863,-0.6958073,-0.56566113,-0.04816575,-0.93810076,1.8017684,-0.749443,1.5707132,0.558314,0.17482395,1.8362783,0.61417
SIAVR,3.2252252,0.14793094,0.50068974,-0.05747767,-0.45785543,0.003038134,0.0,-0.8491572,-0.7352787,1.3749715,-0.26508427,-0.34934115,-0.107618526,-0.5414624,-0.45530814,0.14427856,-0.10382407,-0.26408654,0.2879606,0.5224546,-0.15184641,-0.362244,0.7973863,-0.6958073,-0.56566113,-0.04816575,-0.93810076,1.8017684,-0.749443,1.5707132,0.558314,0.17482395,1.8362783,0.61417
SIBDL,-0.35832995,-0.79412526,0.30304056,1.1392424,-0.09880164,0.93310577,0.0,0.0050925286,-0.1393162,0.45948595,1.738666,-0.5457942,-0.26206365,-0.36865163,1.6737263,0.051254366,-0.6505479,0.06753012,0.88878936,-0.90778196,-0.15184641,0.6687009,2.0223715,-0.89769644,-0.33298934,-0.29439822,-0.16998462,0.23430817,-0.8635809,0.22895516,-0.8903523,2.5368414,1.0546885,-0.04149741
SIBDR,-0.35832995,-0.79412526,0.30304056,1.1392424,-0.09880164,0.93310577,0.0,0.0050925286,-0.1393162,0.45948595,1.738666,-0.5457942,-0.26206365,-0.36865163,1.6737263,0.051254366,-0.6505479,0.06753012,0.88878936,-0.90778196,-0.15184641,0.6687009,2.0223715,-0.89769644,-0.33298934,-0.29439822,-0.16998462,0.23430817,-0.8635809,0.22895516,-0.8903523,2.5368414,1.0546885,-0.04149741
SIBVL,-0.35832995,-0.79412526,0.30304056,1.1392424,-0.09880164,0.93310577,0.0,0.0050925286,-0.1393162,0.45948595,1.738666,-0.5457942,-0.26206365,-0.36865163,1.6737263,0.051254366,-0.6505479,0.06753012,0.88878936,-0.90778196,-0.15184641,0.6687009,2.0223715,-0.89769644,-0.33298934,-0.29439822,-0.16998462,0.23430817,-0.8635809,0.22895516,-0.8903523,2.5368414,1.0546885,-0.04149741
SIBVR,-0.35832995,-0.79412526,0.30304056,1.1392424,-0.09880164,0.93310577,0.0,0.0050925286,-0.1393162,0.45948595,1.738666,-0.5457942,-0.26206365,-0.36865163,1.6737263,0.051254366,-0.6505479,0.06753012,0.88878936,-0.90778196,-0.15184641,0.6687009,2.0223715,-0.89769644,-0.33298934,-0.29439822,-0.16998462,0.23430817,-0.8635809,0.22895516,-0.8903523,2.5368414,1.0546885,-0.04149741
SMBDL,3.363054,1.9643295,3.3647025,-0.10169639,-0.078087,1.9704893,0.0,-0.8491572,0.6374726,2.6263173,-0.035965193,-0.13777639,-0.30113187,-0.5310178,1.7671838,-0.22567122,-0.6505479,0.15681152,-0.21156535,1.5676275,0.28637663,-0.71569145,4.3100586,2.2471166,0.5874704,-0.29439822,0.79330856,-0.14095819,2.3552608,-0.6999541,1.3219779,2.442501,0.107762136,-0.3935198
SMBDR,3.363054,1.9643295,3.3647025,-0.10169639,-0.078087,1.9704893,0.0,-0.8491572,0.6374726,2.6263173,-0.035965193,-0.13777639,-0.30113187,-0.5310178,1.7671838,-0.22567122,-0.6505479,0.15681152,-0.21156535,1.5676275,0.28637663,-0.71569145,4.3100586,2.2471166,0.5874704,-0.29439822,0.79330856,-0.14095819,2.3552608,-0.6999541,1.3219779,2.442501,0.107762136,-0.3935198
SMBVL,3.363054,1.9643295,3.3647025,-0.10169639,-0.078087,1.9704893,0.0,-0.8491572,0.6374726,2.6263173,-0.035965193,-0.13777639,-0.30113187,-0.5310178,1.7671838,-0.22567122,-0.6505479,0.15681152,-0.21156535,1.5676275,0.28637663,-0.71569145,4.3100586,2.2471166,0.5874704,-0.29439822,0.79330856,-0.14095819,2.3552608,-0.6999541,1.3219779,2.442501,0.107762136,-0.3935198
SMBVR,3.363054,1.9643295,3.3647025,-0.10169639,-0.078087,1.9704893,0.0,-0.8491572,0.6374726,2.6263173,-0.035965193,-0.13777639,-0.30113187,-0.5310178,1.7671838,-0.22567122,-0.6505479,0.15681152,-0.21156535,1.5676275,0.28637663,-0.71569145,4.3100586,2.2471166,0.5874704,-0.29439822,0.79330856,-0.14095819,2.3552608,-0.6999541,1.3219779,2.442501,0.107762136,-0.3935198
SMDDL,-0.35832995,1.2460779,1.1606967,-0.34900555,-0.36381754,-0.329129,0.0,-0.177961,-0.110936895,0.26834056,0.67103076,-0.5457942,0.34510934,-0.6384481,-0.8007804,0.6851471,-0.06477237,-0.0035305985,0.08485697,-0.90778196,0.39071542,0.21734571,-0.058159243,-0.37855273,-0.4611962,0.022186385,-0.45330617,-0.276177,-0.09530843,-0.33502546,-0.01384837,-0.23305972,-0.32705098,-0.6264369
SMDDR,-0.35832995,1.2460779,1.1606967,-0.34900555,-0.36381754,-0.329129,0.0,-0.177961,-0.110936895,0.26834056,0.67103076,-0.5457942,0.34510934,-0.6384481,-0.8007804,0.6851471,-0.06477237,-0.0035305985,0.08485697,-0.90778196,0.39071542,0.21734571,-0.058159243,-0.37855273,-0.4611962,0.022186385,-0.45330617,-0.276177,-0.09530843,-0.33502546,-0.01384837,-0.23305972,-0.32705098,-0.6264369
SMDVL,-0.35832995,1.2460779,1.1606967,-0.34900555,-0.36381754,-0.329129,0.0,-0.177961,-0.110936895,0.26834056,0.67103076,-0.5457942,0.34510934,-0.6384481,-0.8007804,0.6851471,-0.06477237,-0.0035305985,0.08485697,-0.90778196,0.39071542,0.21734571,-0.058159243,-0.37855273,-0.4611962,0.022186385,-0.45330617,-0.276177,-0.09530843,-0.33502546,-0.01384837,-0.23305972,-0.32705098,-0.6264369
SMDVR,-0.35832995,1.2460779,1.1606967,-0.34900555,-0.36381754,-0.329129,0.0,-0.177961,-0.110936895,0.26834056,0.67103076,-0.5457942,0.34510934,-0.6384481,-0.8007804,0.6851471,-0.06477237,-0.0035305985,0.08485697,-0.90778196,0.39071542,0.21734571,-0.058159243,-0.37855273,-0.4611962,0.022186385,-0.45330617,-0.276177,-0.09530843,-0.33502546,-0.01384837,-0.23305972,-0.32705098,-0.6264369
URXL,2.2566967,0.5244192,-0.5863807,-0.41792017,-0.45785543,-0.92702967,0.0,-0.8491572,-0.99120265,-0.4464835,-0.42608684,0.027636215,-0.36898717,-0.119443774,-0.09755015,-0.09356152,0.41334718,-0.04226188,-0.6882441,-0.21199116,-0.15184641,-1.0175139,-0.4570284,0.13357553,-0.13086134,0.06496809,-0.065844774,-0.39890933,-0.9550361,-0.6999541,-0.3928771,0.5953853,-0.56130165,-0.8975177
URXR,2.2566967,0.5244192,-0.5863807,-0.41792017,-0.45785543,-0.92702967,0.0,-0.8491572,-0.99120265,-0.4464835,-0.42608684,0.027636215,-0.36898717,-0.119443774,-0.09755015,-0.09356152,0.41334718,-0.04226188,-0.6882441,-0.21199116,-0.15184641,-1.0175139,-0.4570284,0.13357553,-0.13086134,0.06496809,-0.065844774,-0.39890933,-0.9550361,-0.6999541,-0.3928771,0.5953853,-0.56130165,-0.8975177
