neuron,packer_subtype,n_cells_total,n_cells_used,time_threshold_min,used_fallback,has_expression
ADAL,,0,0,,,False
ADAR,,0,0,,,False
ADEL,ADE,90,24,625.0,False,True
ADER,ADE,90,24,625.0,False,True
ADFL,ADF,170,43,633.75,False,True
ADFR,ADF,170,43,633.75,False,True
ADLL,ADL,477,136,640.0,False,True
ADLR,ADL,477,136,640.0,False,True
AFDL,AFD,326,84,630.0,False,True
AFDR,AFD,326,84,630.0,False,True
AIAL,AIA,56,15,640.0,False,True
AIAR,AIA,56,15,640.0,False,True
AIBL,AIB,125,34,635.0,False,True
AIBR,AIB,125,34,635.0,False,True
AIML,AIM,94,24,520.0,False,True
AIMR,AIM,94,24,520.0,False,True
AINL,AIN,64,16,532.5,False,True
AINR,AIN,64,16,532.5,False,True
AIYL,AIY,149,50,700.0,False,True
AIYR,AIY,149,50,700.0,False,True
AIZL,AIZ,39,10,515.0,False,True
AIZR,AIZ,39,10,515.0,False,True
ALA,ALA,122,36,620.0,False,True
ALML,,0,0,,,False
ALMR,,0,0,,,False
ALNL,ALN,28,7,505.0,False,True
ALNR,ALN,28,7,505.0,False,True
AQR,,0,0,,,False
ASEL,ASE,282,76,635.0,False,True
ASER,ASE,282,76,635.0,False,True
ASGL,ASG,173,44,630.0,False,True
ASGR,ASG,173,44,630.0,False,True
ASHL,ASH,345,90,630.0,False,True
ASHR,ASH,345,90,630.0,False,True
ASIL,ASI,212,70,620.0,False,True
ASIR,ASI,212,70,620.0,False,True
ASJL,ASJ,320,86,620.0,False,True
ASJR,ASJ,320,86,620.0,False,True
ASKL,ASK,233,64,620.0,False,True
ASKR,ASK,233,64,620.0,False,True
AUAL,AUA,154,40,530.0,False,True
AUAR,AUA,154,40,530.0,False,True
AVAL,AVA,248,69,450.0,False,True
AVAR,AVA,248,69,450.0,False,True
AVBL,AVB,187,48,670.0,False,True
AVBR,AVB,187,48,670.0,False,True
AVDL,AVD,99,27,550.0,False,True
AVDR,AVD,99,27,550.0,False,True
AVEL,AVE,177,53,450.0,False,True
AVER,AVE,177,53,450.0,False,True
AVFL,,0,0,,,False
AVFR,,0,0,,,False
AVHL,AVH,94,31,550.0,False,True
AVHR,AVH,94,31,550.0,False,True
AVJL,AVJ,53,14,455.0,False,True
AVJR,AVJ,53,14,455.0,False,True
AVKL,AVK,336,85,640.0,False,True
AVKR,AVK,336,85,640.0,False,True
AVL,AVL,114,35,550.0,False,True
AVM,,0,0,,,False
AWAL,AWA,236,91,550.0,False,True
AWAR,AWA,236,91,550.0,False,True
AWBL,AWB,212,58,550.0,False,True
AWBR,AWB,212,58,550.0,False,True
AWCL,AWC,309,96,620.0,False,True
AWCR,AWC,309,96,620.0,False,True
BAGL,BAG,265,70,635.0,False,True
BAGR,BAG,265,70,635.0,False,True
BDUL,,0,0,,,False
BDUR,,0,0,,,False
BWM-DL01,,0,0,,,False
BWM-DL02,,0,0,,,False
BWM-DL03,,0,0,,,False
BWM-DL04,,0,0,,,False
BWM-DL05,,0,0,,,False
BWM-DL06,,0,0,,,False
BWM-DL07,,0,0,,,False
BWM-DL08,,0,0,,,False
BWM-DR01,,0,0,,,False
BWM-DR02,,0,0,,,False
BWM-DR03,,0,0,,,False
BWM-DR04,,0,0,,,False
BWM-DR05,,0,0,,,False
BWM-DR06,,0,0,,,False
BWM-DR07,,0,0,,,False
BWM-DR08,,0,0,,,False
BWM-VL01,,0,0,,,False
BWM-VL02,,0,0,,,False
BWM-VL03,,0,0,,,False
BWM-VL04,,0,0,,,False
BWM-VL05,,0,0,,,False
BWM-VL06,,0,0,,,False
BWM-VL07,,0,0,,,False
BWM-VL08,,0,0,,,False
BWM-VR01,,0,0,,,False
BWM-VR02,,0,0,,,False
BWM-VR03,,0,0,,,False
BWM-VR04,,0,0,,,False
BWM-VR05,,0,0,,,False
BWM-VR06,,0,0,,,False
BWM-VR07,,0,0,,,False
BWM-VR08,,0,0,,,False
CANR,CAN,332,121,490.0,False,True
CEPDL,CEP,152,38,522.5,False,True
CEPDR,CEP,152,38,522.5,False,True
CEPVL,CEP,152,38,522.5,False,True
CEPVR,CEP,152,38,522.5,False,True
CEPshDL,,0,0,,,False
CEPshDR,,0,0,,,False
CEPshVL,,0,0,,,False
CEPshVR,,0,0,,,False
DVA,DVA,99,25,632.5,False,True
DVC,DVC,101,34,550.0,False,True
FLPL,FLP,19,7,415.0,False,True
FLPR,FLP,19,7,415.0,False,True
GLRDL,,0,0,,,False
GLRDR,,0,0,,,False
GLRL,,0,0,,,False
GLRR,,0,0,,,False
GLRVL,,0,0,,,False
GLRVR,,0,0,,,False
HSNL,,0,0,,,False
HSNR,,0,0,,,False
IL1DL,IL1,164,42,555.0,False,True
IL1DR,IL1,164,42,555.0,False,True
IL1L,IL1,164,42,555.0,False,True
IL1R,IL1,164,42,555.0,False,True
IL1VL,IL1,164,42,555.0,False,True
IL1VR,IL1,164,42,555.0,False,True
IL2DL,IL2,391,103,620.0,False,True
IL2DR,IL2,391,103,620.0,False,True
IL2L,IL2,391,103,620.0,False,True
IL2R,IL2,391,103,620.0,False,True
IL2VL,IL2,391,103,620.0,False,True
IL2VR,IL2,391,103,620.0,False,True
OLLL,OLL,108,29,620.0,False,True
OLLR,OLL,108,29,620.0,False,True
OLQDL,OLQ,254,93,620.0,False,True
OLQDR,OLQ,254,93,620.0,False,True
OLQVL,OLQ,254,93,620.0,False,True
OLQVR,OLQ,254,93,620.0,False,True
PLNL,,0,0,,,False
PLNR,,0,0,,,False
PVCL,,0,0,,,False
PVCR,,0,0,,,False
PVNL,,0,0,,,False
PVNR,,0,0,,,False
PVPL,PVP,116,29,556.25,False,True
PVPR,PVP,116,29,556.25,False,True
PVQL,,0,0,,,False
PVQR,,0,0,,,False
PVR,PVR,14,6,355.0,False,True
PVT,PVT,54,15,700.0,False,True
RIAL,RIA,260,110,550.0,False,True
RIAR,RIA,260,110,550.0,False,True
RIBL,RIB,86,23,585.0,False,True
RIBR,RIB,86,23,585.0,False,True
RICL,RIC,69,18,565.0,False,True
RICR,RIC,69,18,565.0,False,True
RID,RID,55,18,510.0,False,True
RIFL,,0,0,,,False
RIFR,,0,0,,,False
RIGL,,0,0,,,False
RIGR,,0,0,,,False
RIH,RIH,38,13,440.0,False,True
RIML,RIM,157,40,530.0,False,True
RIMR,RIM,157,40,530.0,False,True
RIPL,,0,0,,,False
RIPR,,0,0,,,False
RIR,,0,0,,,False
RIS,RIS,126,32,692.5,False,True
RIVL,RIV,198,51,520.0,False,True
RIVR,RIV,198,51,520.0,False,True
RMDDL,RMD,199,81,550.0,False,True
RMDDR,RMD,199,81,550.0,False,True
RMDL,RMD,199,81,550.0,False,True
RMDR,RMD,199,81,550.0,False,True
RMDVL,RMD,199,81,550.0,False,True
RMDVR,RMD,199,81,550.0,False,True
RMED,RMED,25,9,380.0,False,True
RMEL,RME,335,107,490.0,False,True
RMER,RME,335,107,490.0,False,True
RMEV,,0,0,,,False
RMFL,,0,0,,,False
RMFR,,0,0,,,False
RMGL,,0,0,,,False
RMGR,,0,0,,,False
RMHL,,0,0,,,False
RMHR,,0,0,,,False
SAADL,,0,0,,,False
SAADR,,0,0,,,False
SAAVL,,0,0,,,False
SAAVR,,0,0,,,False
SDQL,,0,0,,,False
SDQR,,0,0,,,False
SIADL,SIA,200,54,480.0,False,True
SIADR,SIA,200,54,480.0,False,True
SIAVL,SIA,200,54,480.0,False,True
SIAVR,SIA,200,54,480.0,False,True
SIBDL,SIB,124,33,440.0,False,True
SIBDR,SIB,124,33,440.0,False,True
SIBVL,SIB,124,33,440.0,False,True
SIBVR,SIB,124,33,440.0,False,True
SMBDL,SMB,177,52,490.0,False,True
SMBDR,SMB,177,52,490.0,False,True
SMBVL,SMB,177,52,490.0,False,True
SMBVR,SMB,177,52,490.0,False,True
SMDDL,SMD,303,84,510.0,False,True
SMDDR,SMD,303,84,510.0,False,True
SMDVL,SMD,303,84,510.0,False,True
SMDVR,SMD,303,84,510.0,False,True
URADL,,0,0,,,False
URADR,,0,0,,,False
URAVL,,0,0,,,False
URAVR,,0,0,,,False
URBL,,0,0,,,False
URBR,,0,0,,,False
URXL,URX,230,74,670.0,False,True
URXR,URX,230,74,670.0,False,True
URYDL,,0,0,,,False
URYDR,,0,0,,,False
URYVL,,0,0,,,False
URYVR,,0,0,,,False
